Data origin,Accession nr.,Run_ID,Organism,Strain,Sex,Tissue,Age,Gene,Isoform,CPM
"Keane, T., Goodstadt, L., Danecek, P. et al. (2011)",E-MTAB-599,ERR032203,Mus musculus,DBAxC57BL/6J,Female,liver,P56,Tcf4,TCF4-B,0
"Keane, T., Goodstadt, L., Danecek, P. et al. (2011)",E-MTAB-599,ERR032203,Mus musculus,DBAxC57BL/6J,Female,liver,P56,Tcf4,TCF4-C,0
"Keane, T., Goodstadt, L., Danecek, P. et al. (2011)",E-MTAB-599,ERR032203,Mus musculus,DBAxC57BL/6J,Female,liver,P56,Tcf4,4-5,0.562181805098314
"Keane, T., Goodstadt, L., Danecek, P. et al. (2011)",E-MTAB-599,ERR032203,Mus musculus,DBAxC57BL/6J,Female,liver,P56,Tcf4,TCF4-Q,0
"Keane, T., Goodstadt, L., Danecek, P. et al. (2011)",E-MTAB-599,ERR032203,Mus musculus,DBAxC57BL/6J,Female,liver,P56,Tcf4,5-6,0.240935059327849
"Keane, T., Goodstadt, L., Danecek, P. et al. (2011)",E-MTAB-599,ERR032203,Mus musculus,DBAxC57BL/6J,Female,liver,P56,Tcf4,6-7,0.401558432213082
"Keane, T., Goodstadt, L., Danecek, P. et al. (2011)",E-MTAB-599,ERR032203,Mus musculus,DBAxC57BL/6J,Female,liver,P56,Tcf4,TCF4-D,0
"Keane, T., Goodstadt, L., Danecek, P. et al. (2011)",E-MTAB-599,ERR032203,Mus musculus,DBAxC57BL/6J,Female,liver,P56,Tcf4,7-8,0.321246745770465
"Keane, T., Goodstadt, L., Danecek, P. et al. (2011)",E-MTAB-599,ERR032203,Mus musculus,DBAxC57BL/6J,Female,liver,P56,Tcf4,DELTA,0
"Keane, T., Goodstadt, L., Danecek, P. et al. (2011)",E-MTAB-599,ERR032203,Mus musculus,DBAxC57BL/6J,Female,liver,P56,Tcf4,8-9,0.321246745770465
"Keane, T., Goodstadt, L., Danecek, P. et al. (2011)",E-MTAB-599,ERR032203,Mus musculus,DBAxC57BL/6J,Female,liver,P56,Tcf4,9-10,0.481870118655698
"Keane, T., Goodstadt, L., Danecek, P. et al. (2011)",E-MTAB-599,ERR032203,Mus musculus,DBAxC57BL/6J,Female,liver,P56,Tcf4,TCF4-A,0.160623372885233
"Keane, T., Goodstadt, L., Danecek, P. et al. (2011)",E-MTAB-599,ERR032203,Mus musculus,DBAxC57BL/6J,Female,liver,P56,Tcf4,TCF4-I,0
"Keane, T., Goodstadt, L., Danecek, P. et al. (2011)",E-MTAB-599,ERR032203,Mus musculus,DBAxC57BL/6J,Female,liver,P56,Tcf4,TCF4-H,0
"Keane, T., Goodstadt, L., Danecek, P. et al. (2011)",E-MTAB-599,ERR032203,Mus musculus,DBAxC57BL/6J,Female,liver,P56,Tcf4,TOTAL TCF4,0.6906805034065
"Keane, T., Goodstadt, L., Danecek, P. et al. (2011)",E-MTAB-599,ERR032203,Mus musculus,DBAxC57BL/6J,Female,liver,P56,Tcf4,20-21,0.642493491540931
"Keane, T., Goodstadt, L., Danecek, P. et al. (2011)",E-MTAB-599,ERR032204,Mus musculus,DBAxC57BL/6J,Female,liver,P56,Tcf4,TCF4-B,0
"Keane, T., Goodstadt, L., Danecek, P. et al. (2011)",E-MTAB-599,ERR032204,Mus musculus,DBAxC57BL/6J,Female,liver,P56,Tcf4,TCF4-C,0
"Keane, T., Goodstadt, L., Danecek, P. et al. (2011)",E-MTAB-599,ERR032204,Mus musculus,DBAxC57BL/6J,Female,liver,P56,Tcf4,4-5,0.356898050572882
"Keane, T., Goodstadt, L., Danecek, P. et al. (2011)",E-MTAB-599,ERR032204,Mus musculus,DBAxC57BL/6J,Female,liver,P56,Tcf4,TCF4-Q,0
"Keane, T., Goodstadt, L., Danecek, P. et al. (2011)",E-MTAB-599,ERR032204,Mus musculus,DBAxC57BL/6J,Female,liver,P56,Tcf4,5-6,0.499657270802035
"Keane, T., Goodstadt, L., Danecek, P. et al. (2011)",E-MTAB-599,ERR032204,Mus musculus,DBAxC57BL/6J,Female,liver,P56,Tcf4,6-7,0.285518440458306
"Keane, T., Goodstadt, L., Danecek, P. et al. (2011)",E-MTAB-599,ERR032204,Mus musculus,DBAxC57BL/6J,Female,liver,P56,Tcf4,TCF4-D,0.142759220229153
"Keane, T., Goodstadt, L., Danecek, P. et al. (2011)",E-MTAB-599,ERR032204,Mus musculus,DBAxC57BL/6J,Female,liver,P56,Tcf4,7-8,0.356898050572882
"Keane, T., Goodstadt, L., Danecek, P. et al. (2011)",E-MTAB-599,ERR032204,Mus musculus,DBAxC57BL/6J,Female,liver,P56,Tcf4,DELTA,0
"Keane, T., Goodstadt, L., Danecek, P. et al. (2011)",E-MTAB-599,ERR032204,Mus musculus,DBAxC57BL/6J,Female,liver,P56,Tcf4,8-9,0.499657270802035
"Keane, T., Goodstadt, L., Danecek, P. et al. (2011)",E-MTAB-599,ERR032204,Mus musculus,DBAxC57BL/6J,Female,liver,P56,Tcf4,9-10,0.428277660687458
"Keane, T., Goodstadt, L., Danecek, P. et al. (2011)",E-MTAB-599,ERR032204,Mus musculus,DBAxC57BL/6J,Female,liver,P56,Tcf4,TCF4-A,0.0713796101145764
"Keane, T., Goodstadt, L., Danecek, P. et al. (2011)",E-MTAB-599,ERR032204,Mus musculus,DBAxC57BL/6J,Female,liver,P56,Tcf4,TCF4-I,0
"Keane, T., Goodstadt, L., Danecek, P. et al. (2011)",E-MTAB-599,ERR032204,Mus musculus,DBAxC57BL/6J,Female,liver,P56,Tcf4,TCF4-H,0
"Keane, T., Goodstadt, L., Danecek, P. et al. (2011)",E-MTAB-599,ERR032204,Mus musculus,DBAxC57BL/6J,Female,liver,P56,Tcf4,TOTAL TCF4,0.621002607996815
"Keane, T., Goodstadt, L., Danecek, P. et al. (2011)",E-MTAB-599,ERR032204,Mus musculus,DBAxC57BL/6J,Female,liver,P56,Tcf4,20-21,0.927934931489493
"Keane, T., Goodstadt, L., Danecek, P. et al. (2011)",E-MTAB-599,ERR032205,Mus musculus,DBAxC57BL/6J,Female,liver,P56,Tcf4,TCF4-B,0.0715520395837331
"Keane, T., Goodstadt, L., Danecek, P. et al. (2011)",E-MTAB-599,ERR032205,Mus musculus,DBAxC57BL/6J,Female,liver,P56,Tcf4,TCF4-C,0.0715520395837331
"Keane, T., Goodstadt, L., Danecek, P. et al. (2011)",E-MTAB-599,ERR032205,Mus musculus,DBAxC57BL/6J,Female,liver,P56,Tcf4,4-5,0.0715520395837331
"Keane, T., Goodstadt, L., Danecek, P. et al. (2011)",E-MTAB-599,ERR032205,Mus musculus,DBAxC57BL/6J,Female,liver,P56,Tcf4,TCF4-Q,0
"Keane, T., Goodstadt, L., Danecek, P. et al. (2011)",E-MTAB-599,ERR032205,Mus musculus,DBAxC57BL/6J,Female,liver,P56,Tcf4,5-6,0.286208158334933
"Keane, T., Goodstadt, L., Danecek, P. et al. (2011)",E-MTAB-599,ERR032205,Mus musculus,DBAxC57BL/6J,Female,liver,P56,Tcf4,6-7,0.500864277086132
"Keane, T., Goodstadt, L., Danecek, P. et al. (2011)",E-MTAB-599,ERR032205,Mus musculus,DBAxC57BL/6J,Female,liver,P56,Tcf4,TCF4-D,0
"Keane, T., Goodstadt, L., Danecek, P. et al. (2011)",E-MTAB-599,ERR032205,Mus musculus,DBAxC57BL/6J,Female,liver,P56,Tcf4,7-8,0.500864277086132
"Keane, T., Goodstadt, L., Danecek, P. et al. (2011)",E-MTAB-599,ERR032205,Mus musculus,DBAxC57BL/6J,Female,liver,P56,Tcf4,DELTA,0
"Keane, T., Goodstadt, L., Danecek, P. et al. (2011)",E-MTAB-599,ERR032205,Mus musculus,DBAxC57BL/6J,Female,liver,P56,Tcf4,8-9,0.429312237502399
"Keane, T., Goodstadt, L., Danecek, P. et al. (2011)",E-MTAB-599,ERR032205,Mus musculus,DBAxC57BL/6J,Female,liver,P56,Tcf4,9-10,0.500864277086132
"Keane, T., Goodstadt, L., Danecek, P. et al. (2011)",E-MTAB-599,ERR032205,Mus musculus,DBAxC57BL/6J,Female,liver,P56,Tcf4,TCF4-A,0.286208158334933
"Keane, T., Goodstadt, L., Danecek, P. et al. (2011)",E-MTAB-599,ERR032205,Mus musculus,DBAxC57BL/6J,Female,liver,P56,Tcf4,TCF4-I,0
"Keane, T., Goodstadt, L., Danecek, P. et al. (2011)",E-MTAB-599,ERR032205,Mus musculus,DBAxC57BL/6J,Female,liver,P56,Tcf4,TCF4-H,0
"Keane, T., Goodstadt, L., Danecek, P. et al. (2011)",E-MTAB-599,ERR032205,Mus musculus,DBAxC57BL/6J,Female,liver,P56,Tcf4,TOTAL TCF4,0.601037132503358
"Keane, T., Goodstadt, L., Danecek, P. et al. (2011)",E-MTAB-599,ERR032205,Mus musculus,DBAxC57BL/6J,Female,liver,P56,Tcf4,20-21,1.073280593756
"Keane, T., Goodstadt, L., Danecek, P. et al. (2011)",E-MTAB-599,ERR032206,Mus musculus,DBAxC57BL/6J,Female,liver,P56,Tcf4,TCF4-B,0.203892955382852
"Keane, T., Goodstadt, L., Danecek, P. et al. (2011)",E-MTAB-599,ERR032206,Mus musculus,DBAxC57BL/6J,Female,liver,P56,Tcf4,TCF4-C,0
"Keane, T., Goodstadt, L., Danecek, P. et al. (2011)",E-MTAB-599,ERR032206,Mus musculus,DBAxC57BL/6J,Female,liver,P56,Tcf4,4-5,0.203892955382852
"Keane, T., Goodstadt, L., Danecek, P. et al. (2011)",E-MTAB-599,ERR032206,Mus musculus,DBAxC57BL/6J,Female,liver,P56,Tcf4,TCF4-Q,0
"Keane, T., Goodstadt, L., Danecek, P. et al. (2011)",E-MTAB-599,ERR032206,Mus musculus,DBAxC57BL/6J,Female,liver,P56,Tcf4,5-6,0.271857273843803
"Keane, T., Goodstadt, L., Danecek, P. et al. (2011)",E-MTAB-599,ERR032206,Mus musculus,DBAxC57BL/6J,Female,liver,P56,Tcf4,6-7,0.339821592304754
"Keane, T., Goodstadt, L., Danecek, P. et al. (2011)",E-MTAB-599,ERR032206,Mus musculus,DBAxC57BL/6J,Female,liver,P56,Tcf4,TCF4-D,0
"Keane, T., Goodstadt, L., Danecek, P. et al. (2011)",E-MTAB-599,ERR032206,Mus musculus,DBAxC57BL/6J,Female,liver,P56,Tcf4,7-8,0.135928636921901
"Keane, T., Goodstadt, L., Danecek, P. et al. (2011)",E-MTAB-599,ERR032206,Mus musculus,DBAxC57BL/6J,Female,liver,P56,Tcf4,DELTA,0
"Keane, T., Goodstadt, L., Danecek, P. et al. (2011)",E-MTAB-599,ERR032206,Mus musculus,DBAxC57BL/6J,Female,liver,P56,Tcf4,8-9,0.543714547687606
"Keane, T., Goodstadt, L., Danecek, P. et al. (2011)",E-MTAB-599,ERR032206,Mus musculus,DBAxC57BL/6J,Female,liver,P56,Tcf4,9-10,0.203892955382852
"Keane, T., Goodstadt, L., Danecek, P. et al. (2011)",E-MTAB-599,ERR032206,Mus musculus,DBAxC57BL/6J,Female,liver,P56,Tcf4,TCF4-A,0.407785910765704
"Keane, T., Goodstadt, L., Danecek, P. et al. (2011)",E-MTAB-599,ERR032206,Mus musculus,DBAxC57BL/6J,Female,liver,P56,Tcf4,TCF4-I,0
"Keane, T., Goodstadt, L., Danecek, P. et al. (2011)",E-MTAB-599,ERR032206,Mus musculus,DBAxC57BL/6J,Female,liver,P56,Tcf4,TCF4-H,0
"Keane, T., Goodstadt, L., Danecek, P. et al. (2011)",E-MTAB-599,ERR032206,Mus musculus,DBAxC57BL/6J,Female,liver,P56,Tcf4,TOTAL TCF4,0.462157365534465
"Keane, T., Goodstadt, L., Danecek, P. et al. (2011)",E-MTAB-599,ERR032206,Mus musculus,DBAxC57BL/6J,Female,liver,P56,Tcf4,20-21,0.611678866148557
"Keane, T., Goodstadt, L., Danecek, P. et al. (2011)",E-MTAB-599,ERR032207,Mus musculus,DBAxC57BL/6J,Female,liver,P56,Tcf4,TCF4-B,0.0664879647475492
"Keane, T., Goodstadt, L., Danecek, P. et al. (2011)",E-MTAB-599,ERR032207,Mus musculus,DBAxC57BL/6J,Female,liver,P56,Tcf4,TCF4-C,0
"Keane, T., Goodstadt, L., Danecek, P. et al. (2011)",E-MTAB-599,ERR032207,Mus musculus,DBAxC57BL/6J,Female,liver,P56,Tcf4,4-5,0.332439823737746
"Keane, T., Goodstadt, L., Danecek, P. et al. (2011)",E-MTAB-599,ERR032207,Mus musculus,DBAxC57BL/6J,Female,liver,P56,Tcf4,TCF4-Q,0
"Keane, T., Goodstadt, L., Danecek, P. et al. (2011)",E-MTAB-599,ERR032207,Mus musculus,DBAxC57BL/6J,Female,liver,P56,Tcf4,5-6,0.398927788485295
"Keane, T., Goodstadt, L., Danecek, P. et al. (2011)",E-MTAB-599,ERR032207,Mus musculus,DBAxC57BL/6J,Female,liver,P56,Tcf4,6-7,0.132975929495098
"Keane, T., Goodstadt, L., Danecek, P. et al. (2011)",E-MTAB-599,ERR032207,Mus musculus,DBAxC57BL/6J,Female,liver,P56,Tcf4,TCF4-D,0
"Keane, T., Goodstadt, L., Danecek, P. et al. (2011)",E-MTAB-599,ERR032207,Mus musculus,DBAxC57BL/6J,Female,liver,P56,Tcf4,7-8,0.132975929495098
"Keane, T., Goodstadt, L., Danecek, P. et al. (2011)",E-MTAB-599,ERR032207,Mus musculus,DBAxC57BL/6J,Female,liver,P56,Tcf4,DELTA,0
"Keane, T., Goodstadt, L., Danecek, P. et al. (2011)",E-MTAB-599,ERR032207,Mus musculus,DBAxC57BL/6J,Female,liver,P56,Tcf4,8-9,0.598391682727943
"Keane, T., Goodstadt, L., Danecek, P. et al. (2011)",E-MTAB-599,ERR032207,Mus musculus,DBAxC57BL/6J,Female,liver,P56,Tcf4,9-10,0.864343541718139
"Keane, T., Goodstadt, L., Danecek, P. et al. (2011)",E-MTAB-599,ERR032207,Mus musculus,DBAxC57BL/6J,Female,liver,P56,Tcf4,TCF4-A,0.132975929495098
"Keane, T., Goodstadt, L., Danecek, P. et al. (2011)",E-MTAB-599,ERR032207,Mus musculus,DBAxC57BL/6J,Female,liver,P56,Tcf4,TCF4-I,0
"Keane, T., Goodstadt, L., Danecek, P. et al. (2011)",E-MTAB-599,ERR032207,Mus musculus,DBAxC57BL/6J,Female,liver,P56,Tcf4,TCF4-H,0
"Keane, T., Goodstadt, L., Danecek, P. et al. (2011)",E-MTAB-599,ERR032207,Mus musculus,DBAxC57BL/6J,Female,liver,P56,Tcf4,TOTAL TCF4,0.465415753232844
"Keane, T., Goodstadt, L., Danecek, P. et al. (2011)",E-MTAB-599,ERR032207,Mus musculus,DBAxC57BL/6J,Female,liver,P56,Tcf4,20-21,0.531903717980394
"Keane, T., Goodstadt, L., Danecek, P. et al. (2011)",E-MTAB-599,ERR032208,Mus musculus,DBAxC57BL/6J,Female,liver,P56,Tcf4,TCF4-B,0.21360220249503
"Keane, T., Goodstadt, L., Danecek, P. et al. (2011)",E-MTAB-599,ERR032208,Mus musculus,DBAxC57BL/6J,Female,liver,P56,Tcf4,TCF4-C,0
"Keane, T., Goodstadt, L., Danecek, P. et al. (2011)",E-MTAB-599,ERR032208,Mus musculus,DBAxC57BL/6J,Female,liver,P56,Tcf4,4-5,0.14240146833002
"Keane, T., Goodstadt, L., Danecek, P. et al. (2011)",E-MTAB-599,ERR032208,Mus musculus,DBAxC57BL/6J,Female,liver,P56,Tcf4,TCF4-Q,0
"Keane, T., Goodstadt, L., Danecek, P. et al. (2011)",E-MTAB-599,ERR032208,Mus musculus,DBAxC57BL/6J,Female,liver,P56,Tcf4,5-6,0.0712007341650101
"Keane, T., Goodstadt, L., Danecek, P. et al. (2011)",E-MTAB-599,ERR032208,Mus musculus,DBAxC57BL/6J,Female,liver,P56,Tcf4,6-7,0.0712007341650101
"Keane, T., Goodstadt, L., Danecek, P. et al. (2011)",E-MTAB-599,ERR032208,Mus musculus,DBAxC57BL/6J,Female,liver,P56,Tcf4,TCF4-D,0
"Keane, T., Goodstadt, L., Danecek, P. et al. (2011)",E-MTAB-599,ERR032208,Mus musculus,DBAxC57BL/6J,Female,liver,P56,Tcf4,7-8,0.28480293666004
"Keane, T., Goodstadt, L., Danecek, P. et al. (2011)",E-MTAB-599,ERR032208,Mus musculus,DBAxC57BL/6J,Female,liver,P56,Tcf4,DELTA,0
"Keane, T., Goodstadt, L., Danecek, P. et al. (2011)",E-MTAB-599,ERR032208,Mus musculus,DBAxC57BL/6J,Female,liver,P56,Tcf4,8-9,0.356003670825051
"Keane, T., Goodstadt, L., Danecek, P. et al. (2011)",E-MTAB-599,ERR032208,Mus musculus,DBAxC57BL/6J,Female,liver,P56,Tcf4,9-10,0.356003670825051
"Keane, T., Goodstadt, L., Danecek, P. et al. (2011)",E-MTAB-599,ERR032208,Mus musculus,DBAxC57BL/6J,Female,liver,P56,Tcf4,TCF4-A,0.14240146833002
"Keane, T., Goodstadt, L., Danecek, P. et al. (2011)",E-MTAB-599,ERR032208,Mus musculus,DBAxC57BL/6J,Female,liver,P56,Tcf4,TCF4-I,0
"Keane, T., Goodstadt, L., Danecek, P. et al. (2011)",E-MTAB-599,ERR032208,Mus musculus,DBAxC57BL/6J,Female,liver,P56,Tcf4,TCF4-H,0
"Keane, T., Goodstadt, L., Danecek, P. et al. (2011)",E-MTAB-599,ERR032208,Mus musculus,DBAxC57BL/6J,Female,liver,P56,Tcf4,TOTAL TCF4,0.477044918905568
"Keane, T., Goodstadt, L., Danecek, P. et al. (2011)",E-MTAB-599,ERR032208,Mus musculus,DBAxC57BL/6J,Female,liver,P56,Tcf4,20-21,0.854408809980121
"Keane, T., Goodstadt, L., Danecek, P. et al. (2011)",E-MTAB-599,ERR032209,Mus musculus,DBAxC57BL/6J,Female,spleen,P56,Tcf4,TCF4-B,0
"Keane, T., Goodstadt, L., Danecek, P. et al. (2011)",E-MTAB-599,ERR032209,Mus musculus,DBAxC57BL/6J,Female,spleen,P56,Tcf4,TCF4-C,0
"Keane, T., Goodstadt, L., Danecek, P. et al. (2011)",E-MTAB-599,ERR032209,Mus musculus,DBAxC57BL/6J,Female,spleen,P56,Tcf4,4-5,1.11074826667733
"Keane, T., Goodstadt, L., Danecek, P. et al. (2011)",E-MTAB-599,ERR032209,Mus musculus,DBAxC57BL/6J,Female,spleen,P56,Tcf4,TCF4-Q,0
"Keane, T., Goodstadt, L., Danecek, P. et al. (2011)",E-MTAB-599,ERR032209,Mus musculus,DBAxC57BL/6J,Female,spleen,P56,Tcf4,5-6,0.666448960006398
"Keane, T., Goodstadt, L., Danecek, P. et al. (2011)",E-MTAB-599,ERR032209,Mus musculus,DBAxC57BL/6J,Female,spleen,P56,Tcf4,6-7,0.888598613341864
"Keane, T., Goodstadt, L., Danecek, P. et al. (2011)",E-MTAB-599,ERR032209,Mus musculus,DBAxC57BL/6J,Female,spleen,P56,Tcf4,TCF4-D,0.222149653335466
"Keane, T., Goodstadt, L., Danecek, P. et al. (2011)",E-MTAB-599,ERR032209,Mus musculus,DBAxC57BL/6J,Female,spleen,P56,Tcf4,7-8,0.666448960006398
"Keane, T., Goodstadt, L., Danecek, P. et al. (2011)",E-MTAB-599,ERR032209,Mus musculus,DBAxC57BL/6J,Female,spleen,P56,Tcf4,DELTA,0
"Keane, T., Goodstadt, L., Danecek, P. et al. (2011)",E-MTAB-599,ERR032209,Mus musculus,DBAxC57BL/6J,Female,spleen,P56,Tcf4,8-9,1.99934688001919
"Keane, T., Goodstadt, L., Danecek, P. et al. (2011)",E-MTAB-599,ERR032209,Mus musculus,DBAxC57BL/6J,Female,spleen,P56,Tcf4,9-10,0.888598613341864
"Keane, T., Goodstadt, L., Danecek, P. et al. (2011)",E-MTAB-599,ERR032209,Mus musculus,DBAxC57BL/6J,Female,spleen,P56,Tcf4,TCF4-A,4.22084341337385
"Keane, T., Goodstadt, L., Danecek, P. et al. (2011)",E-MTAB-599,ERR032209,Mus musculus,DBAxC57BL/6J,Female,spleen,P56,Tcf4,TCF4-I,0
"Keane, T., Goodstadt, L., Danecek, P. et al. (2011)",E-MTAB-599,ERR032209,Mus musculus,DBAxC57BL/6J,Female,spleen,P56,Tcf4,TCF4-H,0
"Keane, T., Goodstadt, L., Danecek, P. et al. (2011)",E-MTAB-599,ERR032209,Mus musculus,DBAxC57BL/6J,Female,spleen,P56,Tcf4,TOTAL TCF4,7.1976487680691
"Keane, T., Goodstadt, L., Danecek, P. et al. (2011)",E-MTAB-599,ERR032209,Mus musculus,DBAxC57BL/6J,Female,spleen,P56,Tcf4,20-21,10.6631833601024
"Keane, T., Goodstadt, L., Danecek, P. et al. (2011)",E-MTAB-599,ERR032210,Mus musculus,DBAxC57BL/6J,Female,spleen,P56,Tcf4,TCF4-B,0.234160834305686
"Keane, T., Goodstadt, L., Danecek, P. et al. (2011)",E-MTAB-599,ERR032210,Mus musculus,DBAxC57BL/6J,Female,spleen,P56,Tcf4,TCF4-C,0
"Keane, T., Goodstadt, L., Danecek, P. et al. (2011)",E-MTAB-599,ERR032210,Mus musculus,DBAxC57BL/6J,Female,spleen,P56,Tcf4,4-5,0.702482502917059
"Keane, T., Goodstadt, L., Danecek, P. et al. (2011)",E-MTAB-599,ERR032210,Mus musculus,DBAxC57BL/6J,Female,spleen,P56,Tcf4,TCF4-Q,0
"Keane, T., Goodstadt, L., Danecek, P. et al. (2011)",E-MTAB-599,ERR032210,Mus musculus,DBAxC57BL/6J,Female,spleen,P56,Tcf4,5-6,0.936643337222745
"Keane, T., Goodstadt, L., Danecek, P. et al. (2011)",E-MTAB-599,ERR032210,Mus musculus,DBAxC57BL/6J,Female,spleen,P56,Tcf4,6-7,0.702482502917059
"Keane, T., Goodstadt, L., Danecek, P. et al. (2011)",E-MTAB-599,ERR032210,Mus musculus,DBAxC57BL/6J,Female,spleen,P56,Tcf4,TCF4-D,0.117080417152843
"Keane, T., Goodstadt, L., Danecek, P. et al. (2011)",E-MTAB-599,ERR032210,Mus musculus,DBAxC57BL/6J,Female,spleen,P56,Tcf4,7-8,0.468321668611372
"Keane, T., Goodstadt, L., Danecek, P. et al. (2011)",E-MTAB-599,ERR032210,Mus musculus,DBAxC57BL/6J,Female,spleen,P56,Tcf4,DELTA,0
"Keane, T., Goodstadt, L., Danecek, P. et al. (2011)",E-MTAB-599,ERR032210,Mus musculus,DBAxC57BL/6J,Female,spleen,P56,Tcf4,8-9,0.819562920069902
"Keane, T., Goodstadt, L., Danecek, P. et al. (2011)",E-MTAB-599,ERR032210,Mus musculus,DBAxC57BL/6J,Female,spleen,P56,Tcf4,9-10,0.819562920069902
"Keane, T., Goodstadt, L., Danecek, P. et al. (2011)",E-MTAB-599,ERR032210,Mus musculus,DBAxC57BL/6J,Female,spleen,P56,Tcf4,TCF4-A,4.44905585180804
"Keane, T., Goodstadt, L., Danecek, P. et al. (2011)",E-MTAB-599,ERR032210,Mus musculus,DBAxC57BL/6J,Female,spleen,P56,Tcf4,TCF4-I,0
"Keane, T., Goodstadt, L., Danecek, P. et al. (2011)",E-MTAB-599,ERR032210,Mus musculus,DBAxC57BL/6J,Female,spleen,P56,Tcf4,TCF4-H,0
"Keane, T., Goodstadt, L., Danecek, P. et al. (2011)",E-MTAB-599,ERR032210,Mus musculus,DBAxC57BL/6J,Female,spleen,P56,Tcf4,TOTAL TCF4,6.93116069544831
"Keane, T., Goodstadt, L., Danecek, P. et al. (2011)",E-MTAB-599,ERR032210,Mus musculus,DBAxC57BL/6J,Female,spleen,P56,Tcf4,20-21,10.5372375437559
"Keane, T., Goodstadt, L., Danecek, P. et al. (2011)",E-MTAB-599,ERR032211,Mus musculus,DBAxC57BL/6J,Female,spleen,P56,Tcf4,TCF4-B,0
"Keane, T., Goodstadt, L., Danecek, P. et al. (2011)",E-MTAB-599,ERR032211,Mus musculus,DBAxC57BL/6J,Female,spleen,P56,Tcf4,TCF4-C,0
"Keane, T., Goodstadt, L., Danecek, P. et al. (2011)",E-MTAB-599,ERR032211,Mus musculus,DBAxC57BL/6J,Female,spleen,P56,Tcf4,4-5,1.05651387820783
"Keane, T., Goodstadt, L., Danecek, P. et al. (2011)",E-MTAB-599,ERR032211,Mus musculus,DBAxC57BL/6J,Female,spleen,P56,Tcf4,TCF4-Q,0
"Keane, T., Goodstadt, L., Danecek, P. et al. (2011)",E-MTAB-599,ERR032211,Mus musculus,DBAxC57BL/6J,Female,spleen,P56,Tcf4,5-6,0.316954163462348
"Keane, T., Goodstadt, L., Danecek, P. et al. (2011)",E-MTAB-599,ERR032211,Mus musculus,DBAxC57BL/6J,Female,spleen,P56,Tcf4,6-7,0.211302775641565
"Keane, T., Goodstadt, L., Danecek, P. et al. (2011)",E-MTAB-599,ERR032211,Mus musculus,DBAxC57BL/6J,Female,spleen,P56,Tcf4,TCF4-D,0.633908326924696
"Keane, T., Goodstadt, L., Danecek, P. et al. (2011)",E-MTAB-599,ERR032211,Mus musculus,DBAxC57BL/6J,Female,spleen,P56,Tcf4,7-8,1.16216526602861
"Keane, T., Goodstadt, L., Danecek, P. et al. (2011)",E-MTAB-599,ERR032211,Mus musculus,DBAxC57BL/6J,Female,spleen,P56,Tcf4,DELTA,0
"Keane, T., Goodstadt, L., Danecek, P. et al. (2011)",E-MTAB-599,ERR032211,Mus musculus,DBAxC57BL/6J,Female,spleen,P56,Tcf4,8-9,1.69042220513252
"Keane, T., Goodstadt, L., Danecek, P. et al. (2011)",E-MTAB-599,ERR032211,Mus musculus,DBAxC57BL/6J,Female,spleen,P56,Tcf4,9-10,1.26781665384939
"Keane, T., Goodstadt, L., Danecek, P. et al. (2011)",E-MTAB-599,ERR032211,Mus musculus,DBAxC57BL/6J,Female,spleen,P56,Tcf4,TCF4-A,3.59214718590661
"Keane, T., Goodstadt, L., Danecek, P. et al. (2011)",E-MTAB-599,ERR032211,Mus musculus,DBAxC57BL/6J,Female,spleen,P56,Tcf4,TCF4-I,0.105651387820783
"Keane, T., Goodstadt, L., Danecek, P. et al. (2011)",E-MTAB-599,ERR032211,Mus musculus,DBAxC57BL/6J,Female,spleen,P56,Tcf4,TCF4-H,0
"Keane, T., Goodstadt, L., Danecek, P. et al. (2011)",E-MTAB-599,ERR032211,Mus musculus,DBAxC57BL/6J,Female,spleen,P56,Tcf4,TOTAL TCF4,6.60321173879892
"Keane, T., Goodstadt, L., Danecek, P. et al. (2011)",E-MTAB-599,ERR032211,Mus musculus,DBAxC57BL/6J,Female,spleen,P56,Tcf4,20-21,8.76906518912496
"Keane, T., Goodstadt, L., Danecek, P. et al. (2011)",E-MTAB-599,ERR032212,Mus musculus,DBAxC57BL/6J,Female,spleen,P56,Tcf4,TCF4-B,0
"Keane, T., Goodstadt, L., Danecek, P. et al. (2011)",E-MTAB-599,ERR032212,Mus musculus,DBAxC57BL/6J,Female,spleen,P56,Tcf4,TCF4-C,0
"Keane, T., Goodstadt, L., Danecek, P. et al. (2011)",E-MTAB-599,ERR032212,Mus musculus,DBAxC57BL/6J,Female,spleen,P56,Tcf4,4-5,0
"Keane, T., Goodstadt, L., Danecek, P. et al. (2011)",E-MTAB-599,ERR032212,Mus musculus,DBAxC57BL/6J,Female,spleen,P56,Tcf4,TCF4-Q,0
"Keane, T., Goodstadt, L., Danecek, P. et al. (2011)",E-MTAB-599,ERR032212,Mus musculus,DBAxC57BL/6J,Female,spleen,P56,Tcf4,5-6,0
"Keane, T., Goodstadt, L., Danecek, P. et al. (2011)",E-MTAB-599,ERR032212,Mus musculus,DBAxC57BL/6J,Female,spleen,P56,Tcf4,6-7,0.187959714218532
"Keane, T., Goodstadt, L., Danecek, P. et al. (2011)",E-MTAB-599,ERR032212,Mus musculus,DBAxC57BL/6J,Female,spleen,P56,Tcf4,TCF4-D,0
"Keane, T., Goodstadt, L., Danecek, P. et al. (2011)",E-MTAB-599,ERR032212,Mus musculus,DBAxC57BL/6J,Female,spleen,P56,Tcf4,7-8,0
"Keane, T., Goodstadt, L., Danecek, P. et al. (2011)",E-MTAB-599,ERR032212,Mus musculus,DBAxC57BL/6J,Female,spleen,P56,Tcf4,DELTA,0
"Keane, T., Goodstadt, L., Danecek, P. et al. (2011)",E-MTAB-599,ERR032212,Mus musculus,DBAxC57BL/6J,Female,spleen,P56,Tcf4,8-9,0
"Keane, T., Goodstadt, L., Danecek, P. et al. (2011)",E-MTAB-599,ERR032212,Mus musculus,DBAxC57BL/6J,Female,spleen,P56,Tcf4,9-10,0
"Keane, T., Goodstadt, L., Danecek, P. et al. (2011)",E-MTAB-599,ERR032212,Mus musculus,DBAxC57BL/6J,Female,spleen,P56,Tcf4,TCF4-A,0.375919428437064
"Keane, T., Goodstadt, L., Danecek, P. et al. (2011)",E-MTAB-599,ERR032212,Mus musculus,DBAxC57BL/6J,Female,spleen,P56,Tcf4,TCF4-I,0
"Keane, T., Goodstadt, L., Danecek, P. et al. (2011)",E-MTAB-599,ERR032212,Mus musculus,DBAxC57BL/6J,Female,spleen,P56,Tcf4,TCF4-H,0
"Keane, T., Goodstadt, L., Danecek, P. et al. (2011)",E-MTAB-599,ERR032212,Mus musculus,DBAxC57BL/6J,Female,spleen,P56,Tcf4,TOTAL TCF4,8.45818713983394
"Keane, T., Goodstadt, L., Danecek, P. et al. (2011)",E-MTAB-599,ERR032212,Mus musculus,DBAxC57BL/6J,Female,spleen,P56,Tcf4,20-21,4.6989928554633
"Keane, T., Goodstadt, L., Danecek, P. et al. (2011)",E-MTAB-599,ERR032213,Mus musculus,DBAxC57BL/6J,Female,spleen,P56,Tcf4,TCF4-B,0.774596081340556
"Keane, T., Goodstadt, L., Danecek, P. et al. (2011)",E-MTAB-599,ERR032213,Mus musculus,DBAxC57BL/6J,Female,spleen,P56,Tcf4,TCF4-C,0
"Keane, T., Goodstadt, L., Danecek, P. et al. (2011)",E-MTAB-599,ERR032213,Mus musculus,DBAxC57BL/6J,Female,spleen,P56,Tcf4,4-5,0.774596081340556
"Keane, T., Goodstadt, L., Danecek, P. et al. (2011)",E-MTAB-599,ERR032213,Mus musculus,DBAxC57BL/6J,Female,spleen,P56,Tcf4,TCF4-Q,0
"Keane, T., Goodstadt, L., Danecek, P. et al. (2011)",E-MTAB-599,ERR032213,Mus musculus,DBAxC57BL/6J,Female,spleen,P56,Tcf4,5-6,1.10656583048651
"Keane, T., Goodstadt, L., Danecek, P. et al. (2011)",E-MTAB-599,ERR032213,Mus musculus,DBAxC57BL/6J,Female,spleen,P56,Tcf4,6-7,0.774596081340556
"Keane, T., Goodstadt, L., Danecek, P. et al. (2011)",E-MTAB-599,ERR032213,Mus musculus,DBAxC57BL/6J,Female,spleen,P56,Tcf4,TCF4-D,0.885252664389207
"Keane, T., Goodstadt, L., Danecek, P. et al. (2011)",E-MTAB-599,ERR032213,Mus musculus,DBAxC57BL/6J,Female,spleen,P56,Tcf4,7-8,0.663939498291905
"Keane, T., Goodstadt, L., Danecek, P. et al. (2011)",E-MTAB-599,ERR032213,Mus musculus,DBAxC57BL/6J,Female,spleen,P56,Tcf4,DELTA,0
"Keane, T., Goodstadt, L., Danecek, P. et al. (2011)",E-MTAB-599,ERR032213,Mus musculus,DBAxC57BL/6J,Female,spleen,P56,Tcf4,8-9,1.10656583048651
"Keane, T., Goodstadt, L., Danecek, P. et al. (2011)",E-MTAB-599,ERR032213,Mus musculus,DBAxC57BL/6J,Female,spleen,P56,Tcf4,9-10,0.995909247437858
"Keane, T., Goodstadt, L., Danecek, P. et al. (2011)",E-MTAB-599,ERR032213,Mus musculus,DBAxC57BL/6J,Female,spleen,P56,Tcf4,TCF4-A,6.5287383998704
"Keane, T., Goodstadt, L., Danecek, P. et al. (2011)",E-MTAB-599,ERR032213,Mus musculus,DBAxC57BL/6J,Female,spleen,P56,Tcf4,TCF4-I,0.221313166097302
"Keane, T., Goodstadt, L., Danecek, P. et al. (2011)",E-MTAB-599,ERR032213,Mus musculus,DBAxC57BL/6J,Female,spleen,P56,Tcf4,TCF4-H,0
"Keane, T., Goodstadt, L., Danecek, P. et al. (2011)",E-MTAB-599,ERR032213,Mus musculus,DBAxC57BL/6J,Female,spleen,P56,Tcf4,TOTAL TCF4,6.15250601750499
"Keane, T., Goodstadt, L., Danecek, P. et al. (2011)",E-MTAB-599,ERR032213,Mus musculus,DBAxC57BL/6J,Female,spleen,P56,Tcf4,20-21,11.1763148879137
"Keane, T., Goodstadt, L., Danecek, P. et al. (2011)",E-MTAB-599,ERR032214,Mus musculus,DBAxC57BL/6J,Female,spleen,P56,Tcf4,TCF4-B,0
"Keane, T., Goodstadt, L., Danecek, P. et al. (2011)",E-MTAB-599,ERR032214,Mus musculus,DBAxC57BL/6J,Female,spleen,P56,Tcf4,TCF4-C,0
"Keane, T., Goodstadt, L., Danecek, P. et al. (2011)",E-MTAB-599,ERR032214,Mus musculus,DBAxC57BL/6J,Female,spleen,P56,Tcf4,4-5,0.532097377544772
"Keane, T., Goodstadt, L., Danecek, P. et al. (2011)",E-MTAB-599,ERR032214,Mus musculus,DBAxC57BL/6J,Female,spleen,P56,Tcf4,TCF4-Q,0
"Keane, T., Goodstadt, L., Danecek, P. et al. (2011)",E-MTAB-599,ERR032214,Mus musculus,DBAxC57BL/6J,Female,spleen,P56,Tcf4,5-6,0.399073033158579
"Keane, T., Goodstadt, L., Danecek, P. et al. (2011)",E-MTAB-599,ERR032214,Mus musculus,DBAxC57BL/6J,Female,spleen,P56,Tcf4,6-7,0.665121721930965
"Keane, T., Goodstadt, L., Danecek, P. et al. (2011)",E-MTAB-599,ERR032214,Mus musculus,DBAxC57BL/6J,Female,spleen,P56,Tcf4,TCF4-D,0.266048688772386
"Keane, T., Goodstadt, L., Danecek, P. et al. (2011)",E-MTAB-599,ERR032214,Mus musculus,DBAxC57BL/6J,Female,spleen,P56,Tcf4,7-8,0.798146066317159
"Keane, T., Goodstadt, L., Danecek, P. et al. (2011)",E-MTAB-599,ERR032214,Mus musculus,DBAxC57BL/6J,Female,spleen,P56,Tcf4,DELTA,0
"Keane, T., Goodstadt, L., Danecek, P. et al. (2011)",E-MTAB-599,ERR032214,Mus musculus,DBAxC57BL/6J,Female,spleen,P56,Tcf4,8-9,1.72931647702051
"Keane, T., Goodstadt, L., Danecek, P. et al. (2011)",E-MTAB-599,ERR032214,Mus musculus,DBAxC57BL/6J,Female,spleen,P56,Tcf4,9-10,2.12838951017909
"Keane, T., Goodstadt, L., Danecek, P. et al. (2011)",E-MTAB-599,ERR032214,Mus musculus,DBAxC57BL/6J,Female,spleen,P56,Tcf4,TCF4-A,4.52282770913056
"Keane, T., Goodstadt, L., Danecek, P. et al. (2011)",E-MTAB-599,ERR032214,Mus musculus,DBAxC57BL/6J,Female,spleen,P56,Tcf4,TCF4-I,0.399073033158579
"Keane, T., Goodstadt, L., Danecek, P. et al. (2011)",E-MTAB-599,ERR032214,Mus musculus,DBAxC57BL/6J,Female,spleen,P56,Tcf4,TCF4-H,0
"Keane, T., Goodstadt, L., Danecek, P. et al. (2011)",E-MTAB-599,ERR032214,Mus musculus,DBAxC57BL/6J,Female,spleen,P56,Tcf4,TOTAL TCF4,6.5447977438007
"Keane, T., Goodstadt, L., Danecek, P. et al. (2011)",E-MTAB-599,ERR032214,Mus musculus,DBAxC57BL/6J,Female,spleen,P56,Tcf4,20-21,4.92190074228914
"Keane, T., Goodstadt, L., Danecek, P. et al. (2011)",E-MTAB-599,ERR032215,Mus musculus,DBAxC57BL/6J,Female,thymus,P56,Tcf4,TCF4-B,0.900914772479707
"Keane, T., Goodstadt, L., Danecek, P. et al. (2011)",E-MTAB-599,ERR032215,Mus musculus,DBAxC57BL/6J,Female,thymus,P56,Tcf4,TCF4-C,0
"Keane, T., Goodstadt, L., Danecek, P. et al. (2011)",E-MTAB-599,ERR032215,Mus musculus,DBAxC57BL/6J,Female,thymus,P56,Tcf4,4-5,1.22852014429051
"Keane, T., Goodstadt, L., Danecek, P. et al. (2011)",E-MTAB-599,ERR032215,Mus musculus,DBAxC57BL/6J,Female,thymus,P56,Tcf4,TCF4-Q,0
"Keane, T., Goodstadt, L., Danecek, P. et al. (2011)",E-MTAB-599,ERR032215,Mus musculus,DBAxC57BL/6J,Female,thymus,P56,Tcf4,5-6,1.39232283019591
"Keane, T., Goodstadt, L., Danecek, P. et al. (2011)",E-MTAB-599,ERR032215,Mus musculus,DBAxC57BL/6J,Female,thymus,P56,Tcf4,6-7,1.63802685905401
"Keane, T., Goodstadt, L., Danecek, P. et al. (2011)",E-MTAB-599,ERR032215,Mus musculus,DBAxC57BL/6J,Female,thymus,P56,Tcf4,TCF4-D,0
"Keane, T., Goodstadt, L., Danecek, P. et al. (2011)",E-MTAB-599,ERR032215,Mus musculus,DBAxC57BL/6J,Female,thymus,P56,Tcf4,7-8,1.71992820200671
"Keane, T., Goodstadt, L., Danecek, P. et al. (2011)",E-MTAB-599,ERR032215,Mus musculus,DBAxC57BL/6J,Female,thymus,P56,Tcf4,DELTA,0
"Keane, T., Goodstadt, L., Danecek, P. et al. (2011)",E-MTAB-599,ERR032215,Mus musculus,DBAxC57BL/6J,Female,thymus,P56,Tcf4,8-9,0.900914772479707
"Keane, T., Goodstadt, L., Danecek, P. et al. (2011)",E-MTAB-599,ERR032215,Mus musculus,DBAxC57BL/6J,Female,thymus,P56,Tcf4,9-10,1.31042148724321
"Keane, T., Goodstadt, L., Danecek, P. et al. (2011)",E-MTAB-599,ERR032215,Mus musculus,DBAxC57BL/6J,Female,thymus,P56,Tcf4,TCF4-A,1.31042148724321
"Keane, T., Goodstadt, L., Danecek, P. et al. (2011)",E-MTAB-599,ERR032215,Mus musculus,DBAxC57BL/6J,Female,thymus,P56,Tcf4,TCF4-I,0
"Keane, T., Goodstadt, L., Danecek, P. et al. (2011)",E-MTAB-599,ERR032215,Mus musculus,DBAxC57BL/6J,Female,thymus,P56,Tcf4,TCF4-H,0
"Keane, T., Goodstadt, L., Danecek, P. et al. (2011)",E-MTAB-599,ERR032215,Mus musculus,DBAxC57BL/6J,Female,thymus,P56,Tcf4,TOTAL TCF4,3.12863130079317
"Keane, T., Goodstadt, L., Danecek, P. et al. (2011)",E-MTAB-599,ERR032215,Mus musculus,DBAxC57BL/6J,Female,thymus,P56,Tcf4,20-21,4.34077117649314
"Keane, T., Goodstadt, L., Danecek, P. et al. (2011)",E-MTAB-599,ERR032216,Mus musculus,DBAxC57BL/6J,Female,thymus,P56,Tcf4,TCF4-B,0.572709711364942
"Keane, T., Goodstadt, L., Danecek, P. et al. (2011)",E-MTAB-599,ERR032216,Mus musculus,DBAxC57BL/6J,Female,thymus,P56,Tcf4,TCF4-C,0.0818156730521345
"Keane, T., Goodstadt, L., Danecek, P. et al. (2011)",E-MTAB-599,ERR032216,Mus musculus,DBAxC57BL/6J,Female,thymus,P56,Tcf4,4-5,1.30905076883415
"Keane, T., Goodstadt, L., Danecek, P. et al. (2011)",E-MTAB-599,ERR032216,Mus musculus,DBAxC57BL/6J,Female,thymus,P56,Tcf4,TCF4-Q,0
"Keane, T., Goodstadt, L., Danecek, P. et al. (2011)",E-MTAB-599,ERR032216,Mus musculus,DBAxC57BL/6J,Female,thymus,P56,Tcf4,5-6,1.47268211493842
"Keane, T., Goodstadt, L., Danecek, P. et al. (2011)",E-MTAB-599,ERR032216,Mus musculus,DBAxC57BL/6J,Female,thymus,P56,Tcf4,6-7,0.89997240357348
"Keane, T., Goodstadt, L., Danecek, P. et al. (2011)",E-MTAB-599,ERR032216,Mus musculus,DBAxC57BL/6J,Female,thymus,P56,Tcf4,TCF4-D,0.163631346104269
"Keane, T., Goodstadt, L., Danecek, P. et al. (2011)",E-MTAB-599,ERR032216,Mus musculus,DBAxC57BL/6J,Female,thymus,P56,Tcf4,7-8,1.06360374967775
"Keane, T., Goodstadt, L., Danecek, P. et al. (2011)",E-MTAB-599,ERR032216,Mus musculus,DBAxC57BL/6J,Female,thymus,P56,Tcf4,DELTA,0
"Keane, T., Goodstadt, L., Danecek, P. et al. (2011)",E-MTAB-599,ERR032216,Mus musculus,DBAxC57BL/6J,Female,thymus,P56,Tcf4,8-9,0.981788076625614
"Keane, T., Goodstadt, L., Danecek, P. et al. (2011)",E-MTAB-599,ERR032216,Mus musculus,DBAxC57BL/6J,Female,thymus,P56,Tcf4,9-10,1.30905076883415
"Keane, T., Goodstadt, L., Danecek, P. et al. (2011)",E-MTAB-599,ERR032216,Mus musculus,DBAxC57BL/6J,Female,thymus,P56,Tcf4,TCF4-A,1.22723509578202
"Keane, T., Goodstadt, L., Danecek, P. et al. (2011)",E-MTAB-599,ERR032216,Mus musculus,DBAxC57BL/6J,Female,thymus,P56,Tcf4,TCF4-I,0.0818156730521345
"Keane, T., Goodstadt, L., Danecek, P. et al. (2011)",E-MTAB-599,ERR032216,Mus musculus,DBAxC57BL/6J,Female,thymus,P56,Tcf4,TCF4-H,0
"Keane, T., Goodstadt, L., Danecek, P. et al. (2011)",E-MTAB-599,ERR032216,Mus musculus,DBAxC57BL/6J,Female,thymus,P56,Tcf4,TOTAL TCF4,3.526255508547
"Keane, T., Goodstadt, L., Danecek, P. et al. (2011)",E-MTAB-599,ERR032216,Mus musculus,DBAxC57BL/6J,Female,thymus,P56,Tcf4,20-21,4.90894038312807
"Keane, T., Goodstadt, L., Danecek, P. et al. (2011)",E-MTAB-599,ERR032217,Mus musculus,DBAxC57BL/6J,Female,thymus,P56,Tcf4,TCF4-B,1.08773585355595
"Keane, T., Goodstadt, L., Danecek, P. et al. (2011)",E-MTAB-599,ERR032217,Mus musculus,DBAxC57BL/6J,Female,thymus,P56,Tcf4,TCF4-C,0
"Keane, T., Goodstadt, L., Danecek, P. et al. (2011)",E-MTAB-599,ERR032217,Mus musculus,DBAxC57BL/6J,Female,thymus,P56,Tcf4,4-5,1.17140784229102
"Keane, T., Goodstadt, L., Danecek, P. et al. (2011)",E-MTAB-599,ERR032217,Mus musculus,DBAxC57BL/6J,Female,thymus,P56,Tcf4,TCF4-Q,0
"Keane, T., Goodstadt, L., Danecek, P. et al. (2011)",E-MTAB-599,ERR032217,Mus musculus,DBAxC57BL/6J,Female,thymus,P56,Tcf4,5-6,1.8407837521716
"Keane, T., Goodstadt, L., Danecek, P. et al. (2011)",E-MTAB-599,ERR032217,Mus musculus,DBAxC57BL/6J,Female,thymus,P56,Tcf4,6-7,1.42242380849624
"Keane, T., Goodstadt, L., Danecek, P. et al. (2011)",E-MTAB-599,ERR032217,Mus musculus,DBAxC57BL/6J,Female,thymus,P56,Tcf4,TCF4-D,0.167343977470146
"Keane, T., Goodstadt, L., Danecek, P. et al. (2011)",E-MTAB-599,ERR032217,Mus musculus,DBAxC57BL/6J,Female,thymus,P56,Tcf4,7-8,1.08773585355595
"Keane, T., Goodstadt, L., Danecek, P. et al. (2011)",E-MTAB-599,ERR032217,Mus musculus,DBAxC57BL/6J,Female,thymus,P56,Tcf4,DELTA,0
"Keane, T., Goodstadt, L., Danecek, P. et al. (2011)",E-MTAB-599,ERR032217,Mus musculus,DBAxC57BL/6J,Female,thymus,P56,Tcf4,8-9,1.42242380849624
"Keane, T., Goodstadt, L., Danecek, P. et al. (2011)",E-MTAB-599,ERR032217,Mus musculus,DBAxC57BL/6J,Female,thymus,P56,Tcf4,9-10,1.25507983102609
"Keane, T., Goodstadt, L., Danecek, P. et al. (2011)",E-MTAB-599,ERR032217,Mus musculus,DBAxC57BL/6J,Female,thymus,P56,Tcf4,TCF4-A,1.17140784229102
"Keane, T., Goodstadt, L., Danecek, P. et al. (2011)",E-MTAB-599,ERR032217,Mus musculus,DBAxC57BL/6J,Female,thymus,P56,Tcf4,TCF4-I,0
"Keane, T., Goodstadt, L., Danecek, P. et al. (2011)",E-MTAB-599,ERR032217,Mus musculus,DBAxC57BL/6J,Female,thymus,P56,Tcf4,TCF4-H,0
"Keane, T., Goodstadt, L., Danecek, P. et al. (2011)",E-MTAB-599,ERR032217,Mus musculus,DBAxC57BL/6J,Female,thymus,P56,Tcf4,TOTAL TCF4,3.62299711222865
"Keane, T., Goodstadt, L., Danecek, P. et al. (2011)",E-MTAB-599,ERR032217,Mus musculus,DBAxC57BL/6J,Female,thymus,P56,Tcf4,20-21,5.10399131283944
"Keane, T., Goodstadt, L., Danecek, P. et al. (2011)",E-MTAB-599,ERR032218,Mus musculus,DBAxC57BL/6J,Female,thymus,P56,Tcf4,TCF4-B,0.456046503974103
"Keane, T., Goodstadt, L., Danecek, P. et al. (2011)",E-MTAB-599,ERR032218,Mus musculus,DBAxC57BL/6J,Female,thymus,P56,Tcf4,TCF4-C,0.152015501324701
"Keane, T., Goodstadt, L., Danecek, P. et al. (2011)",E-MTAB-599,ERR032218,Mus musculus,DBAxC57BL/6J,Female,thymus,P56,Tcf4,4-5,1.59616276390936
"Keane, T., Goodstadt, L., Danecek, P. et al. (2011)",E-MTAB-599,ERR032218,Mus musculus,DBAxC57BL/6J,Female,thymus,P56,Tcf4,TCF4-Q,0
"Keane, T., Goodstadt, L., Danecek, P. et al. (2011)",E-MTAB-599,ERR032218,Mus musculus,DBAxC57BL/6J,Female,thymus,P56,Tcf4,5-6,1.97620151722111
"Keane, T., Goodstadt, L., Danecek, P. et al. (2011)",E-MTAB-599,ERR032218,Mus musculus,DBAxC57BL/6J,Female,thymus,P56,Tcf4,6-7,1.21612401059761
"Keane, T., Goodstadt, L., Danecek, P. et al. (2011)",E-MTAB-599,ERR032218,Mus musculus,DBAxC57BL/6J,Female,thymus,P56,Tcf4,TCF4-D,0.152015501324701
"Keane, T., Goodstadt, L., Danecek, P. et al. (2011)",E-MTAB-599,ERR032218,Mus musculus,DBAxC57BL/6J,Female,thymus,P56,Tcf4,7-8,1.52015501324701
"Keane, T., Goodstadt, L., Danecek, P. et al. (2011)",E-MTAB-599,ERR032218,Mus musculus,DBAxC57BL/6J,Female,thymus,P56,Tcf4,DELTA,0
"Keane, T., Goodstadt, L., Danecek, P. et al. (2011)",E-MTAB-599,ERR032218,Mus musculus,DBAxC57BL/6J,Female,thymus,P56,Tcf4,8-9,1.14011625993526
"Keane, T., Goodstadt, L., Danecek, P. et al. (2011)",E-MTAB-599,ERR032218,Mus musculus,DBAxC57BL/6J,Female,thymus,P56,Tcf4,9-10,1.74817826523406
"Keane, T., Goodstadt, L., Danecek, P. et al. (2011)",E-MTAB-599,ERR032218,Mus musculus,DBAxC57BL/6J,Female,thymus,P56,Tcf4,TCF4-A,1.06410850927291
"Keane, T., Goodstadt, L., Danecek, P. et al. (2011)",E-MTAB-599,ERR032218,Mus musculus,DBAxC57BL/6J,Female,thymus,P56,Tcf4,TCF4-I,0
"Keane, T., Goodstadt, L., Danecek, P. et al. (2011)",E-MTAB-599,ERR032218,Mus musculus,DBAxC57BL/6J,Female,thymus,P56,Tcf4,TCF4-H,0
"Keane, T., Goodstadt, L., Danecek, P. et al. (2011)",E-MTAB-599,ERR032218,Mus musculus,DBAxC57BL/6J,Female,thymus,P56,Tcf4,TOTAL TCF4,3.30633715381225
"Keane, T., Goodstadt, L., Danecek, P. et al. (2011)",E-MTAB-599,ERR032218,Mus musculus,DBAxC57BL/6J,Female,thymus,P56,Tcf4,20-21,4.71248054106573
"Keane, T., Goodstadt, L., Danecek, P. et al. (2011)",E-MTAB-599,ERR032219,Mus musculus,DBAxC57BL/6J,Female,thymus,P56,Tcf4,TCF4-B,0.0947449163667674
"Keane, T., Goodstadt, L., Danecek, P. et al. (2011)",E-MTAB-599,ERR032219,Mus musculus,DBAxC57BL/6J,Female,thymus,P56,Tcf4,TCF4-C,0
"Keane, T., Goodstadt, L., Danecek, P. et al. (2011)",E-MTAB-599,ERR032219,Mus musculus,DBAxC57BL/6J,Female,thymus,P56,Tcf4,4-5,1.04219408003444
"Keane, T., Goodstadt, L., Danecek, P. et al. (2011)",E-MTAB-599,ERR032219,Mus musculus,DBAxC57BL/6J,Female,thymus,P56,Tcf4,TCF4-Q,0
"Keane, T., Goodstadt, L., Danecek, P. et al. (2011)",E-MTAB-599,ERR032219,Mus musculus,DBAxC57BL/6J,Female,thymus,P56,Tcf4,5-6,0.473724581833837
"Keane, T., Goodstadt, L., Danecek, P. et al. (2011)",E-MTAB-599,ERR032219,Mus musculus,DBAxC57BL/6J,Female,thymus,P56,Tcf4,6-7,0.947449163667674
"Keane, T., Goodstadt, L., Danecek, P. et al. (2011)",E-MTAB-599,ERR032219,Mus musculus,DBAxC57BL/6J,Female,thymus,P56,Tcf4,TCF4-D,0.0947449163667674
"Keane, T., Goodstadt, L., Danecek, P. et al. (2011)",E-MTAB-599,ERR032219,Mus musculus,DBAxC57BL/6J,Female,thymus,P56,Tcf4,7-8,1.04219408003444
"Keane, T., Goodstadt, L., Danecek, P. et al. (2011)",E-MTAB-599,ERR032219,Mus musculus,DBAxC57BL/6J,Female,thymus,P56,Tcf4,DELTA,0
"Keane, T., Goodstadt, L., Danecek, P. et al. (2011)",E-MTAB-599,ERR032219,Mus musculus,DBAxC57BL/6J,Female,thymus,P56,Tcf4,8-9,0.852704247300907
"Keane, T., Goodstadt, L., Danecek, P. et al. (2011)",E-MTAB-599,ERR032219,Mus musculus,DBAxC57BL/6J,Female,thymus,P56,Tcf4,9-10,0.852704247300907
"Keane, T., Goodstadt, L., Danecek, P. et al. (2011)",E-MTAB-599,ERR032219,Mus musculus,DBAxC57BL/6J,Female,thymus,P56,Tcf4,TCF4-A,0.189489832733535
"Keane, T., Goodstadt, L., Danecek, P. et al. (2011)",E-MTAB-599,ERR032219,Mus musculus,DBAxC57BL/6J,Female,thymus,P56,Tcf4,TCF4-I,0
"Keane, T., Goodstadt, L., Danecek, P. et al. (2011)",E-MTAB-599,ERR032219,Mus musculus,DBAxC57BL/6J,Female,thymus,P56,Tcf4,TCF4-H,0
"Keane, T., Goodstadt, L., Danecek, P. et al. (2011)",E-MTAB-599,ERR032219,Mus musculus,DBAxC57BL/6J,Female,thymus,P56,Tcf4,TOTAL TCF4,2.10333714334224
"Keane, T., Goodstadt, L., Danecek, P. et al. (2011)",E-MTAB-599,ERR032219,Mus musculus,DBAxC57BL/6J,Female,thymus,P56,Tcf4,20-21,3.97928648740423
"Keane, T., Goodstadt, L., Danecek, P. et al. (2011)",E-MTAB-599,ERR032220,Mus musculus,DBAxC57BL/6J,Female,thymus,P56,Tcf4,TCF4-B,0.365717442169284
"Keane, T., Goodstadt, L., Danecek, P. et al. (2011)",E-MTAB-599,ERR032220,Mus musculus,DBAxC57BL/6J,Female,thymus,P56,Tcf4,TCF4-C,0.0731434884338567
"Keane, T., Goodstadt, L., Danecek, P. et al. (2011)",E-MTAB-599,ERR032220,Mus musculus,DBAxC57BL/6J,Female,thymus,P56,Tcf4,4-5,1.09715232650785
"Keane, T., Goodstadt, L., Danecek, P. et al. (2011)",E-MTAB-599,ERR032220,Mus musculus,DBAxC57BL/6J,Female,thymus,P56,Tcf4,TCF4-Q,0
"Keane, T., Goodstadt, L., Danecek, P. et al. (2011)",E-MTAB-599,ERR032220,Mus musculus,DBAxC57BL/6J,Female,thymus,P56,Tcf4,5-6,1.46286976867713
"Keane, T., Goodstadt, L., Danecek, P. et al. (2011)",E-MTAB-599,ERR032220,Mus musculus,DBAxC57BL/6J,Female,thymus,P56,Tcf4,6-7,1.97487418771413
"Keane, T., Goodstadt, L., Danecek, P. et al. (2011)",E-MTAB-599,ERR032220,Mus musculus,DBAxC57BL/6J,Female,thymus,P56,Tcf4,TCF4-D,0.21943046530157
"Keane, T., Goodstadt, L., Danecek, P. et al. (2011)",E-MTAB-599,ERR032220,Mus musculus,DBAxC57BL/6J,Female,thymus,P56,Tcf4,7-8,1.46286976867714
"Keane, T., Goodstadt, L., Danecek, P. et al. (2011)",E-MTAB-599,ERR032220,Mus musculus,DBAxC57BL/6J,Female,thymus,P56,Tcf4,DELTA,0
"Keane, T., Goodstadt, L., Danecek, P. et al. (2011)",E-MTAB-599,ERR032220,Mus musculus,DBAxC57BL/6J,Female,thymus,P56,Tcf4,8-9,0.512004419036997
"Keane, T., Goodstadt, L., Danecek, P. et al. (2011)",E-MTAB-599,ERR032220,Mus musculus,DBAxC57BL/6J,Female,thymus,P56,Tcf4,9-10,0.658291395904711
"Keane, T., Goodstadt, L., Danecek, P. et al. (2011)",E-MTAB-599,ERR032220,Mus musculus,DBAxC57BL/6J,Female,thymus,P56,Tcf4,TCF4-A,2.04801767614799
"Keane, T., Goodstadt, L., Danecek, P. et al. (2011)",E-MTAB-599,ERR032220,Mus musculus,DBAxC57BL/6J,Female,thymus,P56,Tcf4,TCF4-I,0.146286976867713
"Keane, T., Goodstadt, L., Danecek, P. et al. (2011)",E-MTAB-599,ERR032220,Mus musculus,DBAxC57BL/6J,Female,thymus,P56,Tcf4,TCF4-H,0
"Keane, T., Goodstadt, L., Danecek, P. et al. (2011)",E-MTAB-599,ERR032220,Mus musculus,DBAxC57BL/6J,Female,thymus,P56,Tcf4,TOTAL TCF4,3.55477353788544
"Keane, T., Goodstadt, L., Danecek, P. et al. (2011)",E-MTAB-599,ERR032220,Mus musculus,DBAxC57BL/6J,Female,thymus,P56,Tcf4,20-21,6.21719651687782
"Keane, T., Goodstadt, L., Danecek, P. et al. (2011)",E-MTAB-599,ERR032221,Mus musculus,DBAxC57BL/6J,Female,lung,P56,Tcf4,TCF4-B,1.95019779881174
"Keane, T., Goodstadt, L., Danecek, P. et al. (2011)",E-MTAB-599,ERR032221,Mus musculus,DBAxC57BL/6J,Female,lung,P56,Tcf4,TCF4-C,0
"Keane, T., Goodstadt, L., Danecek, P. et al. (2011)",E-MTAB-599,ERR032221,Mus musculus,DBAxC57BL/6J,Female,lung,P56,Tcf4,4-5,10.401054926996
"Keane, T., Goodstadt, L., Danecek, P. et al. (2011)",E-MTAB-599,ERR032221,Mus musculus,DBAxC57BL/6J,Female,lung,P56,Tcf4,TCF4-Q,0
"Keane, T., Goodstadt, L., Danecek, P. et al. (2011)",E-MTAB-599,ERR032221,Mus musculus,DBAxC57BL/6J,Female,lung,P56,Tcf4,5-6,9.10092306112147
"Keane, T., Goodstadt, L., Danecek, P. et al. (2011)",E-MTAB-599,ERR032221,Mus musculus,DBAxC57BL/6J,Female,lung,P56,Tcf4,6-7,10.0760219605273
"Keane, T., Goodstadt, L., Danecek, P. et al. (2011)",E-MTAB-599,ERR032221,Mus musculus,DBAxC57BL/6J,Female,lung,P56,Tcf4,TCF4-D,0.650065932937248
"Keane, T., Goodstadt, L., Danecek, P. et al. (2011)",E-MTAB-599,ERR032221,Mus musculus,DBAxC57BL/6J,Female,lung,P56,Tcf4,7-8,2.92529669821762
"Keane, T., Goodstadt, L., Danecek, P. et al. (2011)",E-MTAB-599,ERR032221,Mus musculus,DBAxC57BL/6J,Female,lung,P56,Tcf4,DELTA,0
"Keane, T., Goodstadt, L., Danecek, P. et al. (2011)",E-MTAB-599,ERR032221,Mus musculus,DBAxC57BL/6J,Female,lung,P56,Tcf4,8-9,2.27523076528037
"Keane, T., Goodstadt, L., Danecek, P. et al. (2011)",E-MTAB-599,ERR032221,Mus musculus,DBAxC57BL/6J,Female,lung,P56,Tcf4,9-10,1.95019779881174
"Keane, T., Goodstadt, L., Danecek, P. et al. (2011)",E-MTAB-599,ERR032221,Mus musculus,DBAxC57BL/6J,Female,lung,P56,Tcf4,TCF4-A,4.55046153056074
"Keane, T., Goodstadt, L., Danecek, P. et al. (2011)",E-MTAB-599,ERR032221,Mus musculus,DBAxC57BL/6J,Female,lung,P56,Tcf4,TCF4-I,0.650065932937248
"Keane, T., Goodstadt, L., Danecek, P. et al. (2011)",E-MTAB-599,ERR032221,Mus musculus,DBAxC57BL/6J,Female,lung,P56,Tcf4,TCF4-H,0
"Keane, T., Goodstadt, L., Danecek, P. et al. (2011)",E-MTAB-599,ERR032221,Mus musculus,DBAxC57BL/6J,Female,lung,P56,Tcf4,TOTAL TCF4,4.51795823391388
"Keane, T., Goodstadt, L., Danecek, P. et al. (2011)",E-MTAB-599,ERR032221,Mus musculus,DBAxC57BL/6J,Female,lung,P56,Tcf4,20-21,12.6762856922763
"Keane, T., Goodstadt, L., Danecek, P. et al. (2011)",E-MTAB-599,ERR032222,Mus musculus,DBAxC57BL/6J,Female,lung,P56,Tcf4,TCF4-B,3.3304802219432
"Keane, T., Goodstadt, L., Danecek, P. et al. (2011)",E-MTAB-599,ERR032222,Mus musculus,DBAxC57BL/6J,Female,lung,P56,Tcf4,TCF4-C,0
"Keane, T., Goodstadt, L., Danecek, P. et al. (2011)",E-MTAB-599,ERR032222,Mus musculus,DBAxC57BL/6J,Female,lung,P56,Tcf4,4-5,5.24802944063777
"Keane, T., Goodstadt, L., Danecek, P. et al. (2011)",E-MTAB-599,ERR032222,Mus musculus,DBAxC57BL/6J,Female,lung,P56,Tcf4,TCF4-Q,0
"Keane, T., Goodstadt, L., Danecek, P. et al. (2011)",E-MTAB-599,ERR032222,Mus musculus,DBAxC57BL/6J,Female,lung,P56,Tcf4,5-6,7.77112051786747
"Keane, T., Goodstadt, L., Danecek, P. et al. (2011)",E-MTAB-599,ERR032222,Mus musculus,DBAxC57BL/6J,Female,lung,P56,Tcf4,6-7,3.83509843738914
"Keane, T., Goodstadt, L., Danecek, P. et al. (2011)",E-MTAB-599,ERR032222,Mus musculus,DBAxC57BL/6J,Female,lung,P56,Tcf4,TCF4-D,0.302770929267564
"Keane, T., Goodstadt, L., Danecek, P. et al. (2011)",E-MTAB-599,ERR032222,Mus musculus,DBAxC57BL/6J,Female,lung,P56,Tcf4,7-8,3.83509843738914
"Keane, T., Goodstadt, L., Danecek, P. et al. (2011)",E-MTAB-599,ERR032222,Mus musculus,DBAxC57BL/6J,Female,lung,P56,Tcf4,DELTA,0
"Keane, T., Goodstadt, L., Danecek, P. et al. (2011)",E-MTAB-599,ERR032222,Mus musculus,DBAxC57BL/6J,Female,lung,P56,Tcf4,8-9,1.91754921869457
"Keane, T., Goodstadt, L., Danecek, P. et al. (2011)",E-MTAB-599,ERR032222,Mus musculus,DBAxC57BL/6J,Female,lung,P56,Tcf4,9-10,2.92678564958645
"Keane, T., Goodstadt, L., Danecek, P. et al. (2011)",E-MTAB-599,ERR032222,Mus musculus,DBAxC57BL/6J,Female,lung,P56,Tcf4,TCF4-A,10.5969825243647
"Keane, T., Goodstadt, L., Danecek, P. et al. (2011)",E-MTAB-599,ERR032222,Mus musculus,DBAxC57BL/6J,Female,lung,P56,Tcf4,TCF4-I,0
"Keane, T., Goodstadt, L., Danecek, P. et al. (2011)",E-MTAB-599,ERR032222,Mus musculus,DBAxC57BL/6J,Female,lung,P56,Tcf4,TCF4-H,0
"Keane, T., Goodstadt, L., Danecek, P. et al. (2011)",E-MTAB-599,ERR032222,Mus musculus,DBAxC57BL/6J,Female,lung,P56,Tcf4,TOTAL TCF4,9.27488279989637
"Keane, T., Goodstadt, L., Danecek, P. et al. (2011)",E-MTAB-599,ERR032222,Mus musculus,DBAxC57BL/6J,Female,lung,P56,Tcf4,20-21,10.5969825243647
"Keane, T., Goodstadt, L., Danecek, P. et al. (2011)",E-MTAB-599,ERR032223,Mus musculus,DBAxC57BL/6J,Female,lung,P56,Tcf4,TCF4-B,2.75010711667219
"Keane, T., Goodstadt, L., Danecek, P. et al. (2011)",E-MTAB-599,ERR032223,Mus musculus,DBAxC57BL/6J,Female,lung,P56,Tcf4,TCF4-C,0.110004284666888
"Keane, T., Goodstadt, L., Danecek, P. et al. (2011)",E-MTAB-599,ERR032223,Mus musculus,DBAxC57BL/6J,Female,lung,P56,Tcf4,4-5,9.13035562735169
"Keane, T., Goodstadt, L., Danecek, P. et al. (2011)",E-MTAB-599,ERR032223,Mus musculus,DBAxC57BL/6J,Female,lung,P56,Tcf4,TCF4-Q,0.110004284666888
"Keane, T., Goodstadt, L., Danecek, P. et al. (2011)",E-MTAB-599,ERR032223,Mus musculus,DBAxC57BL/6J,Female,lung,P56,Tcf4,5-6,5.3902099486775
"Keane, T., Goodstadt, L., Danecek, P. et al. (2011)",E-MTAB-599,ERR032223,Mus musculus,DBAxC57BL/6J,Female,lung,P56,Tcf4,6-7,3.96015424800796
"Keane, T., Goodstadt, L., Danecek, P. et al. (2011)",E-MTAB-599,ERR032223,Mus musculus,DBAxC57BL/6J,Female,lung,P56,Tcf4,TCF4-D,1.21004713133577
"Keane, T., Goodstadt, L., Danecek, P. et al. (2011)",E-MTAB-599,ERR032223,Mus musculus,DBAxC57BL/6J,Female,lung,P56,Tcf4,7-8,3.6301413940073
"Keane, T., Goodstadt, L., Danecek, P. et al. (2011)",E-MTAB-599,ERR032223,Mus musculus,DBAxC57BL/6J,Female,lung,P56,Tcf4,DELTA,0
"Keane, T., Goodstadt, L., Danecek, P. et al. (2011)",E-MTAB-599,ERR032223,Mus musculus,DBAxC57BL/6J,Female,lung,P56,Tcf4,8-9,2.75010711667219
"Keane, T., Goodstadt, L., Danecek, P. et al. (2011)",E-MTAB-599,ERR032223,Mus musculus,DBAxC57BL/6J,Female,lung,P56,Tcf4,9-10,3.85014996334107
"Keane, T., Goodstadt, L., Danecek, P. et al. (2011)",E-MTAB-599,ERR032223,Mus musculus,DBAxC57BL/6J,Female,lung,P56,Tcf4,TCF4-A,13.0905098753596
"Keane, T., Goodstadt, L., Danecek, P. et al. (2011)",E-MTAB-599,ERR032223,Mus musculus,DBAxC57BL/6J,Female,lung,P56,Tcf4,TCF4-I,0.220008569333776
"Keane, T., Goodstadt, L., Danecek, P. et al. (2011)",E-MTAB-599,ERR032223,Mus musculus,DBAxC57BL/6J,Female,lung,P56,Tcf4,TCF4-H,0
"Keane, T., Goodstadt, L., Danecek, P. et al. (2011)",E-MTAB-599,ERR032223,Mus musculus,DBAxC57BL/6J,Female,lung,P56,Tcf4,TOTAL TCF4,7.62329692741532
"Keane, T., Goodstadt, L., Danecek, P. et al. (2011)",E-MTAB-599,ERR032223,Mus musculus,DBAxC57BL/6J,Female,lung,P56,Tcf4,20-21,7.59029564201526
"Keane, T., Goodstadt, L., Danecek, P. et al. (2011)",E-MTAB-599,ERR032224,Mus musculus,DBAxC57BL/6J,Female,lung,P56,Tcf4,TCF4-B,1.06068091896546
"Keane, T., Goodstadt, L., Danecek, P. et al. (2011)",E-MTAB-599,ERR032224,Mus musculus,DBAxC57BL/6J,Female,lung,P56,Tcf4,TCF4-C,0.212136183793093
"Keane, T., Goodstadt, L., Danecek, P. et al. (2011)",E-MTAB-599,ERR032224,Mus musculus,DBAxC57BL/6J,Female,lung,P56,Tcf4,4-5,6.36408551379278
"Keane, T., Goodstadt, L., Danecek, P. et al. (2011)",E-MTAB-599,ERR032224,Mus musculus,DBAxC57BL/6J,Female,lung,P56,Tcf4,TCF4-Q,0
"Keane, T., Goodstadt, L., Danecek, P. et al. (2011)",E-MTAB-599,ERR032224,Mus musculus,DBAxC57BL/6J,Female,lung,P56,Tcf4,5-6,7.21263024896515
"Keane, T., Goodstadt, L., Danecek, P. et al. (2011)",E-MTAB-599,ERR032224,Mus musculus,DBAxC57BL/6J,Female,lung,P56,Tcf4,6-7,7.84903880034443
"Keane, T., Goodstadt, L., Danecek, P. et al. (2011)",E-MTAB-599,ERR032224,Mus musculus,DBAxC57BL/6J,Female,lung,P56,Tcf4,TCF4-D,1.27281710275856
"Keane, T., Goodstadt, L., Danecek, P. et al. (2011)",E-MTAB-599,ERR032224,Mus musculus,DBAxC57BL/6J,Female,lung,P56,Tcf4,7-8,11.8796262924132
"Keane, T., Goodstadt, L., Danecek, P. et al. (2011)",E-MTAB-599,ERR032224,Mus musculus,DBAxC57BL/6J,Female,lung,P56,Tcf4,DELTA,0
"Keane, T., Goodstadt, L., Danecek, P. et al. (2011)",E-MTAB-599,ERR032224,Mus musculus,DBAxC57BL/6J,Female,lung,P56,Tcf4,8-9,3.39417894068948
"Keane, T., Goodstadt, L., Danecek, P. et al. (2011)",E-MTAB-599,ERR032224,Mus musculus,DBAxC57BL/6J,Female,lung,P56,Tcf4,9-10,9.54612827068916
"Keane, T., Goodstadt, L., Danecek, P. et al. (2011)",E-MTAB-599,ERR032224,Mus musculus,DBAxC57BL/6J,Female,lung,P56,Tcf4,TCF4-A,4.24272367586185
"Keane, T., Goodstadt, L., Danecek, P. et al. (2011)",E-MTAB-599,ERR032224,Mus musculus,DBAxC57BL/6J,Female,lung,P56,Tcf4,TCF4-I,0
"Keane, T., Goodstadt, L., Danecek, P. et al. (2011)",E-MTAB-599,ERR032224,Mus musculus,DBAxC57BL/6J,Female,lung,P56,Tcf4,TCF4-H,0
"Keane, T., Goodstadt, L., Danecek, P. et al. (2011)",E-MTAB-599,ERR032224,Mus musculus,DBAxC57BL/6J,Female,lung,P56,Tcf4,TOTAL TCF4,4.73063689858596
"Keane, T., Goodstadt, L., Danecek, P. et al. (2011)",E-MTAB-599,ERR032224,Mus musculus,DBAxC57BL/6J,Female,lung,P56,Tcf4,20-21,12.5160348437925
"Keane, T., Goodstadt, L., Danecek, P. et al. (2011)",E-MTAB-599,ERR032225,Mus musculus,DBAxC57BL/6J,Female,lung,P56,Tcf4,TCF4-B,1.19048752845265
"Keane, T., Goodstadt, L., Danecek, P. et al. (2011)",E-MTAB-599,ERR032225,Mus musculus,DBAxC57BL/6J,Female,lung,P56,Tcf4,TCF4-C,0.099207294037721
"Keane, T., Goodstadt, L., Danecek, P. et al. (2011)",E-MTAB-599,ERR032225,Mus musculus,DBAxC57BL/6J,Female,lung,P56,Tcf4,4-5,7.5397543468668
"Keane, T., Goodstadt, L., Danecek, P. et al. (2011)",E-MTAB-599,ERR032225,Mus musculus,DBAxC57BL/6J,Female,lung,P56,Tcf4,TCF4-Q,0
"Keane, T., Goodstadt, L., Danecek, P. et al. (2011)",E-MTAB-599,ERR032225,Mus musculus,DBAxC57BL/6J,Female,lung,P56,Tcf4,5-6,5.45640117207466
"Keane, T., Goodstadt, L., Danecek, P. et al. (2011)",E-MTAB-599,ERR032225,Mus musculus,DBAxC57BL/6J,Female,lung,P56,Tcf4,6-7,5.95243764226326
"Keane, T., Goodstadt, L., Danecek, P. et al. (2011)",E-MTAB-599,ERR032225,Mus musculus,DBAxC57BL/6J,Female,lung,P56,Tcf4,TCF4-D,0.694451058264047
"Keane, T., Goodstadt, L., Danecek, P. et al. (2011)",E-MTAB-599,ERR032225,Mus musculus,DBAxC57BL/6J,Female,lung,P56,Tcf4,7-8,3.47225529132024
"Keane, T., Goodstadt, L., Danecek, P. et al. (2011)",E-MTAB-599,ERR032225,Mus musculus,DBAxC57BL/6J,Female,lung,P56,Tcf4,DELTA,0
"Keane, T., Goodstadt, L., Danecek, P. et al. (2011)",E-MTAB-599,ERR032225,Mus musculus,DBAxC57BL/6J,Female,lung,P56,Tcf4,8-9,2.97621882113163
"Keane, T., Goodstadt, L., Danecek, P. et al. (2011)",E-MTAB-599,ERR032225,Mus musculus,DBAxC57BL/6J,Female,lung,P56,Tcf4,9-10,4.66274281977289
"Keane, T., Goodstadt, L., Danecek, P. et al. (2011)",E-MTAB-599,ERR032225,Mus musculus,DBAxC57BL/6J,Female,lung,P56,Tcf4,TCF4-A,9.9207294037721
"Keane, T., Goodstadt, L., Danecek, P. et al. (2011)",E-MTAB-599,ERR032225,Mus musculus,DBAxC57BL/6J,Female,lung,P56,Tcf4,TCF4-I,0.099207294037721
"Keane, T., Goodstadt, L., Danecek, P. et al. (2011)",E-MTAB-599,ERR032225,Mus musculus,DBAxC57BL/6J,Female,lung,P56,Tcf4,TCF4-H,0
"Keane, T., Goodstadt, L., Danecek, P. et al. (2011)",E-MTAB-599,ERR032225,Mus musculus,DBAxC57BL/6J,Female,lung,P56,Tcf4,TOTAL TCF4,6.48815703006695
"Keane, T., Goodstadt, L., Danecek, P. et al. (2011)",E-MTAB-599,ERR032225,Mus musculus,DBAxC57BL/6J,Female,lung,P56,Tcf4,20-21,17.063654574488
"Keane, T., Goodstadt, L., Danecek, P. et al. (2011)",E-MTAB-599,ERR032226,Mus musculus,DBAxC57BL/6J,Female,lung,P56,Tcf4,TCF4-B,4.91234064571626
"Keane, T., Goodstadt, L., Danecek, P. et al. (2011)",E-MTAB-599,ERR032226,Mus musculus,DBAxC57BL/6J,Female,lung,P56,Tcf4,TCF4-C,0
"Keane, T., Goodstadt, L., Danecek, P. et al. (2011)",E-MTAB-599,ERR032226,Mus musculus,DBAxC57BL/6J,Female,lung,P56,Tcf4,4-5,7.6414187822253
"Keane, T., Goodstadt, L., Danecek, P. et al. (2011)",E-MTAB-599,ERR032226,Mus musculus,DBAxC57BL/6J,Female,lung,P56,Tcf4,TCF4-Q,0
"Keane, T., Goodstadt, L., Danecek, P. et al. (2011)",E-MTAB-599,ERR032226,Mus musculus,DBAxC57BL/6J,Female,lung,P56,Tcf4,5-6,7.23205706174894
"Keane, T., Goodstadt, L., Danecek, P. et al. (2011)",E-MTAB-599,ERR032226,Mus musculus,DBAxC57BL/6J,Female,lung,P56,Tcf4,6-7,6.68624143444713
"Keane, T., Goodstadt, L., Danecek, P. et al. (2011)",E-MTAB-599,ERR032226,Mus musculus,DBAxC57BL/6J,Female,lung,P56,Tcf4,TCF4-D,0
"Keane, T., Goodstadt, L., Danecek, P. et al. (2011)",E-MTAB-599,ERR032226,Mus musculus,DBAxC57BL/6J,Female,lung,P56,Tcf4,7-8,4.09361720476355
"Keane, T., Goodstadt, L., Danecek, P. et al. (2011)",E-MTAB-599,ERR032226,Mus musculus,DBAxC57BL/6J,Female,lung,P56,Tcf4,DELTA,0
"Keane, T., Goodstadt, L., Danecek, P. et al. (2011)",E-MTAB-599,ERR032226,Mus musculus,DBAxC57BL/6J,Female,lung,P56,Tcf4,8-9,4.50297892523991
"Keane, T., Goodstadt, L., Danecek, P. et al. (2011)",E-MTAB-599,ERR032226,Mus musculus,DBAxC57BL/6J,Female,lung,P56,Tcf4,9-10,4.63943283206536
"Keane, T., Goodstadt, L., Danecek, P. et al. (2011)",E-MTAB-599,ERR032226,Mus musculus,DBAxC57BL/6J,Female,lung,P56,Tcf4,TCF4-A,6.14042580714533
"Keane, T., Goodstadt, L., Danecek, P. et al. (2011)",E-MTAB-599,ERR032226,Mus musculus,DBAxC57BL/6J,Female,lung,P56,Tcf4,TCF4-I,0.545815627301807
"Keane, T., Goodstadt, L., Danecek, P. et al. (2011)",E-MTAB-599,ERR032226,Mus musculus,DBAxC57BL/6J,Female,lung,P56,Tcf4,TCF4-H,0
"Keane, T., Goodstadt, L., Danecek, P. et al. (2011)",E-MTAB-599,ERR032226,Mus musculus,DBAxC57BL/6J,Female,lung,P56,Tcf4,TOTAL TCF4,7.62777339154275
"Keane, T., Goodstadt, L., Danecek, P. et al. (2011)",E-MTAB-599,ERR032226,Mus musculus,DBAxC57BL/6J,Female,lung,P56,Tcf4,20-21,13.3724828688943
"Keane, T., Goodstadt, L., Danecek, P. et al. (2011)",E-MTAB-599,ERR032227,Mus musculus,DBAxC57BL/6J,Female,heart,P56,Tcf4,TCF4-B,0.480306612371526
"Keane, T., Goodstadt, L., Danecek, P. et al. (2011)",E-MTAB-599,ERR032227,Mus musculus,DBAxC57BL/6J,Female,heart,P56,Tcf4,TCF4-C,0.384245289897221
"Keane, T., Goodstadt, L., Danecek, P. et al. (2011)",E-MTAB-599,ERR032227,Mus musculus,DBAxC57BL/6J,Female,heart,P56,Tcf4,4-5,1.92122644948611
"Keane, T., Goodstadt, L., Danecek, P. et al. (2011)",E-MTAB-599,ERR032227,Mus musculus,DBAxC57BL/6J,Female,heart,P56,Tcf4,TCF4-Q,0
"Keane, T., Goodstadt, L., Danecek, P. et al. (2011)",E-MTAB-599,ERR032227,Mus musculus,DBAxC57BL/6J,Female,heart,P56,Tcf4,5-6,2.30547173938333
"Keane, T., Goodstadt, L., Danecek, P. et al. (2011)",E-MTAB-599,ERR032227,Mus musculus,DBAxC57BL/6J,Female,heart,P56,Tcf4,6-7,3.45820760907499
"Keane, T., Goodstadt, L., Danecek, P. et al. (2011)",E-MTAB-599,ERR032227,Mus musculus,DBAxC57BL/6J,Female,heart,P56,Tcf4,TCF4-D,1.34485851464027
"Keane, T., Goodstadt, L., Danecek, P. et al. (2011)",E-MTAB-599,ERR032227,Mus musculus,DBAxC57BL/6J,Female,heart,P56,Tcf4,7-8,2.78577835175485
"Keane, T., Goodstadt, L., Danecek, P. et al. (2011)",E-MTAB-599,ERR032227,Mus musculus,DBAxC57BL/6J,Female,heart,P56,Tcf4,DELTA,0
"Keane, T., Goodstadt, L., Danecek, P. et al. (2011)",E-MTAB-599,ERR032227,Mus musculus,DBAxC57BL/6J,Female,heart,P56,Tcf4,8-9,2.68971702928055
"Keane, T., Goodstadt, L., Danecek, P. et al. (2011)",E-MTAB-599,ERR032227,Mus musculus,DBAxC57BL/6J,Female,heart,P56,Tcf4,9-10,4.22669818886943
"Keane, T., Goodstadt, L., Danecek, P. et al. (2011)",E-MTAB-599,ERR032227,Mus musculus,DBAxC57BL/6J,Female,heart,P56,Tcf4,TCF4-A,6.24398596082984
"Keane, T., Goodstadt, L., Danecek, P. et al. (2011)",E-MTAB-599,ERR032227,Mus musculus,DBAxC57BL/6J,Female,heart,P56,Tcf4,TCF4-I,0.480306612371526
"Keane, T., Goodstadt, L., Danecek, P. et al. (2011)",E-MTAB-599,ERR032227,Mus musculus,DBAxC57BL/6J,Female,heart,P56,Tcf4,TCF4-H,0
"Keane, T., Goodstadt, L., Danecek, P. et al. (2011)",E-MTAB-599,ERR032227,Mus musculus,DBAxC57BL/6J,Female,heart,P56,Tcf4,TOTAL TCF4,8.77039874190407
"Keane, T., Goodstadt, L., Danecek, P. et al. (2011)",E-MTAB-599,ERR032227,Mus musculus,DBAxC57BL/6J,Female,heart,P56,Tcf4,20-21,9.89431621485344
"Keane, T., Goodstadt, L., Danecek, P. et al. (2011)",E-MTAB-599,ERR032228,Mus musculus,DBAxC57BL/6J,Female,heart,P56,Tcf4,TCF4-B,0
"Keane, T., Goodstadt, L., Danecek, P. et al. (2011)",E-MTAB-599,ERR032228,Mus musculus,DBAxC57BL/6J,Female,heart,P56,Tcf4,TCF4-C,0
"Keane, T., Goodstadt, L., Danecek, P. et al. (2011)",E-MTAB-599,ERR032228,Mus musculus,DBAxC57BL/6J,Female,heart,P56,Tcf4,4-5,0
"Keane, T., Goodstadt, L., Danecek, P. et al. (2011)",E-MTAB-599,ERR032228,Mus musculus,DBAxC57BL/6J,Female,heart,P56,Tcf4,TCF4-Q,0
"Keane, T., Goodstadt, L., Danecek, P. et al. (2011)",E-MTAB-599,ERR032228,Mus musculus,DBAxC57BL/6J,Female,heart,P56,Tcf4,5-6,0
"Keane, T., Goodstadt, L., Danecek, P. et al. (2011)",E-MTAB-599,ERR032228,Mus musculus,DBAxC57BL/6J,Female,heart,P56,Tcf4,6-7,0
"Keane, T., Goodstadt, L., Danecek, P. et al. (2011)",E-MTAB-599,ERR032228,Mus musculus,DBAxC57BL/6J,Female,heart,P56,Tcf4,TCF4-D,0
"Keane, T., Goodstadt, L., Danecek, P. et al. (2011)",E-MTAB-599,ERR032228,Mus musculus,DBAxC57BL/6J,Female,heart,P56,Tcf4,7-8,0
"Keane, T., Goodstadt, L., Danecek, P. et al. (2011)",E-MTAB-599,ERR032228,Mus musculus,DBAxC57BL/6J,Female,heart,P56,Tcf4,DELTA,0
"Keane, T., Goodstadt, L., Danecek, P. et al. (2011)",E-MTAB-599,ERR032228,Mus musculus,DBAxC57BL/6J,Female,heart,P56,Tcf4,8-9,0
"Keane, T., Goodstadt, L., Danecek, P. et al. (2011)",E-MTAB-599,ERR032228,Mus musculus,DBAxC57BL/6J,Female,heart,P56,Tcf4,9-10,0
"Keane, T., Goodstadt, L., Danecek, P. et al. (2011)",E-MTAB-599,ERR032228,Mus musculus,DBAxC57BL/6J,Female,heart,P56,Tcf4,TCF4-A,0
"Keane, T., Goodstadt, L., Danecek, P. et al. (2011)",E-MTAB-599,ERR032228,Mus musculus,DBAxC57BL/6J,Female,heart,P56,Tcf4,TCF4-I,0
"Keane, T., Goodstadt, L., Danecek, P. et al. (2011)",E-MTAB-599,ERR032228,Mus musculus,DBAxC57BL/6J,Female,heart,P56,Tcf4,TCF4-H,0
"Keane, T., Goodstadt, L., Danecek, P. et al. (2011)",E-MTAB-599,ERR032228,Mus musculus,DBAxC57BL/6J,Female,heart,P56,Tcf4,TOTAL TCF4,0.501889974245874
"Keane, T., Goodstadt, L., Danecek, P. et al. (2011)",E-MTAB-599,ERR032228,Mus musculus,DBAxC57BL/6J,Female,heart,P56,Tcf4,20-21,0
"Keane, T., Goodstadt, L., Danecek, P. et al. (2011)",E-MTAB-599,ERR032229,Mus musculus,DBAxC57BL/6J,Female,heart,P56,Tcf4,TCF4-B,1.15984141874895
"Keane, T., Goodstadt, L., Danecek, P. et al. (2011)",E-MTAB-599,ERR032229,Mus musculus,DBAxC57BL/6J,Female,heart,P56,Tcf4,TCF4-C,0.193306903124825
"Keane, T., Goodstadt, L., Danecek, P. et al. (2011)",E-MTAB-599,ERR032229,Mus musculus,DBAxC57BL/6J,Female,heart,P56,Tcf4,4-5,0.773227612499302
"Keane, T., Goodstadt, L., Danecek, P. et al. (2011)",E-MTAB-599,ERR032229,Mus musculus,DBAxC57BL/6J,Female,heart,P56,Tcf4,TCF4-Q,0
"Keane, T., Goodstadt, L., Danecek, P. et al. (2011)",E-MTAB-599,ERR032229,Mus musculus,DBAxC57BL/6J,Female,heart,P56,Tcf4,5-6,2.22302938593549
"Keane, T., Goodstadt, L., Danecek, P. et al. (2011)",E-MTAB-599,ERR032229,Mus musculus,DBAxC57BL/6J,Female,heart,P56,Tcf4,6-7,2.70629664374756
"Keane, T., Goodstadt, L., Danecek, P. et al. (2011)",E-MTAB-599,ERR032229,Mus musculus,DBAxC57BL/6J,Female,heart,P56,Tcf4,TCF4-D,0.193306903124825
"Keane, T., Goodstadt, L., Danecek, P. et al. (2011)",E-MTAB-599,ERR032229,Mus musculus,DBAxC57BL/6J,Female,heart,P56,Tcf4,7-8,2.22302938593549
"Keane, T., Goodstadt, L., Danecek, P. et al. (2011)",E-MTAB-599,ERR032229,Mus musculus,DBAxC57BL/6J,Female,heart,P56,Tcf4,DELTA,0
"Keane, T., Goodstadt, L., Danecek, P. et al. (2011)",E-MTAB-599,ERR032229,Mus musculus,DBAxC57BL/6J,Female,heart,P56,Tcf4,8-9,2.51298974062273
"Keane, T., Goodstadt, L., Danecek, P. et al. (2011)",E-MTAB-599,ERR032229,Mus musculus,DBAxC57BL/6J,Female,heart,P56,Tcf4,9-10,5.41259328749511
"Keane, T., Goodstadt, L., Danecek, P. et al. (2011)",E-MTAB-599,ERR032229,Mus musculus,DBAxC57BL/6J,Female,heart,P56,Tcf4,TCF4-A,6.28247435155683
"Keane, T., Goodstadt, L., Danecek, P. et al. (2011)",E-MTAB-599,ERR032229,Mus musculus,DBAxC57BL/6J,Female,heart,P56,Tcf4,TCF4-I,0.289960354687238
"Keane, T., Goodstadt, L., Danecek, P. et al. (2011)",E-MTAB-599,ERR032229,Mus musculus,DBAxC57BL/6J,Female,heart,P56,Tcf4,TCF4-H,0
"Keane, T., Goodstadt, L., Danecek, P. et al. (2011)",E-MTAB-599,ERR032229,Mus musculus,DBAxC57BL/6J,Female,heart,P56,Tcf4,TOTAL TCF4,9.22073927905417
"Keane, T., Goodstadt, L., Danecek, P. et al. (2011)",E-MTAB-599,ERR032229,Mus musculus,DBAxC57BL/6J,Female,heart,P56,Tcf4,20-21,10.3419193171782
"Keane, T., Goodstadt, L., Danecek, P. et al. (2011)",E-MTAB-599,ERR032230,Mus musculus,DBAxC57BL/6J,Female,heart,P56,Tcf4,TCF4-B,0.810132489067262
"Keane, T., Goodstadt, L., Danecek, P. et al. (2011)",E-MTAB-599,ERR032230,Mus musculus,DBAxC57BL/6J,Female,heart,P56,Tcf4,TCF4-C,0.231466425447789
"Keane, T., Goodstadt, L., Danecek, P. et al. (2011)",E-MTAB-599,ERR032230,Mus musculus,DBAxC57BL/6J,Female,heart,P56,Tcf4,4-5,3.81919601988852
"Keane, T., Goodstadt, L., Danecek, P. et al. (2011)",E-MTAB-599,ERR032230,Mus musculus,DBAxC57BL/6J,Female,heart,P56,Tcf4,TCF4-Q,0
"Keane, T., Goodstadt, L., Danecek, P. et al. (2011)",E-MTAB-599,ERR032230,Mus musculus,DBAxC57BL/6J,Female,heart,P56,Tcf4,5-6,5.20799457257526
"Keane, T., Goodstadt, L., Danecek, P. et al. (2011)",E-MTAB-599,ERR032230,Mus musculus,DBAxC57BL/6J,Female,heart,P56,Tcf4,6-7,1.73599819085842
"Keane, T., Goodstadt, L., Danecek, P. et al. (2011)",E-MTAB-599,ERR032230,Mus musculus,DBAxC57BL/6J,Female,heart,P56,Tcf4,TCF4-D,0.115733212723895
"Keane, T., Goodstadt, L., Danecek, P. et al. (2011)",E-MTAB-599,ERR032230,Mus musculus,DBAxC57BL/6J,Female,heart,P56,Tcf4,7-8,3.70346280716463
"Keane, T., Goodstadt, L., Danecek, P. et al. (2011)",E-MTAB-599,ERR032230,Mus musculus,DBAxC57BL/6J,Female,heart,P56,Tcf4,DELTA,0
"Keane, T., Goodstadt, L., Danecek, P. et al. (2011)",E-MTAB-599,ERR032230,Mus musculus,DBAxC57BL/6J,Female,heart,P56,Tcf4,8-9,2.77759710537347
"Keane, T., Goodstadt, L., Danecek, P. et al. (2011)",E-MTAB-599,ERR032230,Mus musculus,DBAxC57BL/6J,Female,heart,P56,Tcf4,9-10,3.35626316899294
"Keane, T., Goodstadt, L., Danecek, P. et al. (2011)",E-MTAB-599,ERR032230,Mus musculus,DBAxC57BL/6J,Female,heart,P56,Tcf4,TCF4-A,3.58772959444073
"Keane, T., Goodstadt, L., Danecek, P. et al. (2011)",E-MTAB-599,ERR032230,Mus musculus,DBAxC57BL/6J,Female,heart,P56,Tcf4,TCF4-I,0.115733212723895
"Keane, T., Goodstadt, L., Danecek, P. et al. (2011)",E-MTAB-599,ERR032230,Mus musculus,DBAxC57BL/6J,Female,heart,P56,Tcf4,TCF4-H,0
"Keane, T., Goodstadt, L., Danecek, P. et al. (2011)",E-MTAB-599,ERR032230,Mus musculus,DBAxC57BL/6J,Female,heart,P56,Tcf4,TOTAL TCF4,8.05503160558306
"Keane, T., Goodstadt, L., Danecek, P. et al. (2011)",E-MTAB-599,ERR032230,Mus musculus,DBAxC57BL/6J,Female,heart,P56,Tcf4,20-21,8.5642577415682
"Keane, T., Goodstadt, L., Danecek, P. et al. (2011)",E-MTAB-599,ERR032231,Mus musculus,DBAxC57BL/6J,Female,heart,P56,Tcf4,TCF4-B,0.642667503480963
"Keane, T., Goodstadt, L., Danecek, P. et al. (2011)",E-MTAB-599,ERR032231,Mus musculus,DBAxC57BL/6J,Female,heart,P56,Tcf4,TCF4-C,0.27542893006327
"Keane, T., Goodstadt, L., Danecek, P. et al. (2011)",E-MTAB-599,ERR032231,Mus musculus,DBAxC57BL/6J,Female,heart,P56,Tcf4,4-5,2.01981215379731
"Keane, T., Goodstadt, L., Danecek, P. et al. (2011)",E-MTAB-599,ERR032231,Mus musculus,DBAxC57BL/6J,Female,heart,P56,Tcf4,TCF4-Q,0
"Keane, T., Goodstadt, L., Danecek, P. et al. (2011)",E-MTAB-599,ERR032231,Mus musculus,DBAxC57BL/6J,Female,heart,P56,Tcf4,5-6,1.92800251044289
"Keane, T., Goodstadt, L., Danecek, P. et al. (2011)",E-MTAB-599,ERR032231,Mus musculus,DBAxC57BL/6J,Female,heart,P56,Tcf4,6-7,2.01981215379731
"Keane, T., Goodstadt, L., Danecek, P. et al. (2011)",E-MTAB-599,ERR032231,Mus musculus,DBAxC57BL/6J,Female,heart,P56,Tcf4,TCF4-D,0.183619286708846
"Keane, T., Goodstadt, L., Danecek, P. et al. (2011)",E-MTAB-599,ERR032231,Mus musculus,DBAxC57BL/6J,Female,heart,P56,Tcf4,7-8,4.13143395094905
"Keane, T., Goodstadt, L., Danecek, P. et al. (2011)",E-MTAB-599,ERR032231,Mus musculus,DBAxC57BL/6J,Female,heart,P56,Tcf4,DELTA,0
"Keane, T., Goodstadt, L., Danecek, P. et al. (2011)",E-MTAB-599,ERR032231,Mus musculus,DBAxC57BL/6J,Female,heart,P56,Tcf4,8-9,1.83619286708846
"Keane, T., Goodstadt, L., Danecek, P. et al. (2011)",E-MTAB-599,ERR032231,Mus musculus,DBAxC57BL/6J,Female,heart,P56,Tcf4,9-10,2.57067001392385
"Keane, T., Goodstadt, L., Danecek, P. et al. (2011)",E-MTAB-599,ERR032231,Mus musculus,DBAxC57BL/6J,Female,heart,P56,Tcf4,TCF4-A,4.86591109778443
"Keane, T., Goodstadt, L., Danecek, P. et al. (2011)",E-MTAB-599,ERR032231,Mus musculus,DBAxC57BL/6J,Female,heart,P56,Tcf4,TCF4-I,0.367238573417693
"Keane, T., Goodstadt, L., Danecek, P. et al. (2011)",E-MTAB-599,ERR032231,Mus musculus,DBAxC57BL/6J,Female,heart,P56,Tcf4,TCF4-H,0
"Keane, T., Goodstadt, L., Danecek, P. et al. (2011)",E-MTAB-599,ERR032231,Mus musculus,DBAxC57BL/6J,Female,heart,P56,Tcf4,TOTAL TCF4,7.32640953968297
"Keane, T., Goodstadt, L., Danecek, P. et al. (2011)",E-MTAB-599,ERR032231,Mus musculus,DBAxC57BL/6J,Female,heart,P56,Tcf4,20-21,7.8956293284804
"Keane, T., Goodstadt, L., Danecek, P. et al. (2011)",E-MTAB-599,ERR032232,Mus musculus,DBAxC57BL/6J,Female,hippocampus,P56,Tcf4,TCF4-B,5.01171340605329
"Keane, T., Goodstadt, L., Danecek, P. et al. (2011)",E-MTAB-599,ERR032232,Mus musculus,DBAxC57BL/6J,Female,hippocampus,P56,Tcf4,TCF4-C,1.91624336113802
"Keane, T., Goodstadt, L., Danecek, P. et al. (2011)",E-MTAB-599,ERR032232,Mus musculus,DBAxC57BL/6J,Female,hippocampus,P56,Tcf4,4-5,11.2026534958838
"Keane, T., Goodstadt, L., Danecek, P. et al. (2011)",E-MTAB-599,ERR032232,Mus musculus,DBAxC57BL/6J,Female,hippocampus,P56,Tcf4,TCF4-Q,0
"Keane, T., Goodstadt, L., Danecek, P. et al. (2011)",E-MTAB-599,ERR032232,Mus musculus,DBAxC57BL/6J,Female,hippocampus,P56,Tcf4,5-6,12.2344768441889
"Keane, T., Goodstadt, L., Danecek, P. et al. (2011)",E-MTAB-599,ERR032232,Mus musculus,DBAxC57BL/6J,Female,hippocampus,P56,Tcf4,6-7,13.266300192494
"Keane, T., Goodstadt, L., Danecek, P. et al. (2011)",E-MTAB-599,ERR032232,Mus musculus,DBAxC57BL/6J,Female,hippocampus,P56,Tcf4,TCF4-D,11.0552501604117
"Keane, T., Goodstadt, L., Danecek, P. et al. (2011)",E-MTAB-599,ERR032232,Mus musculus,DBAxC57BL/6J,Female,hippocampus,P56,Tcf4,7-8,13.4137035279662
"Keane, T., Goodstadt, L., Danecek, P. et al. (2011)",E-MTAB-599,ERR032232,Mus musculus,DBAxC57BL/6J,Female,hippocampus,P56,Tcf4,DELTA,0
"Keane, T., Goodstadt, L., Danecek, P. et al. (2011)",E-MTAB-599,ERR032232,Mus musculus,DBAxC57BL/6J,Female,hippocampus,P56,Tcf4,8-9,12.5292835151332
"Keane, T., Goodstadt, L., Danecek, P. et al. (2011)",E-MTAB-599,ERR032232,Mus musculus,DBAxC57BL/6J,Female,hippocampus,P56,Tcf4,9-10,23.2897270046006
"Keane, T., Goodstadt, L., Danecek, P. et al. (2011)",E-MTAB-599,ERR032232,Mus musculus,DBAxC57BL/6J,Female,hippocampus,P56,Tcf4,TCF4-A,8.40199012191288
"Keane, T., Goodstadt, L., Danecek, P. et al. (2011)",E-MTAB-599,ERR032232,Mus musculus,DBAxC57BL/6J,Female,hippocampus,P56,Tcf4,TCF4-I,1.3266300192494
"Keane, T., Goodstadt, L., Danecek, P. et al. (2011)",E-MTAB-599,ERR032232,Mus musculus,DBAxC57BL/6J,Female,hippocampus,P56,Tcf4,TCF4-H,0
"Keane, T., Goodstadt, L., Danecek, P. et al. (2011)",E-MTAB-599,ERR032232,Mus musculus,DBAxC57BL/6J,Female,hippocampus,P56,Tcf4,TOTAL TCF4,31.5443137910413
"Keane, T., Goodstadt, L., Danecek, P. et al. (2011)",E-MTAB-599,ERR032232,Mus musculus,DBAxC57BL/6J,Female,hippocampus,P56,Tcf4,20-21,26.532600384988
"Keane, T., Goodstadt, L., Danecek, P. et al. (2011)",E-MTAB-599,ERR032233,Mus musculus,DBAxC57BL/6J,Female,hippocampus,P56,Tcf4,TCF4-B,7.18751626175554
"Keane, T., Goodstadt, L., Danecek, P. et al. (2011)",E-MTAB-599,ERR032233,Mus musculus,DBAxC57BL/6J,Female,hippocampus,P56,Tcf4,TCF4-C,4.0250091065831
"Keane, T., Goodstadt, L., Danecek, P. et al. (2011)",E-MTAB-599,ERR032233,Mus musculus,DBAxC57BL/6J,Female,hippocampus,P56,Tcf4,4-5,12.6500286206898
"Keane, T., Goodstadt, L., Danecek, P. et al. (2011)",E-MTAB-599,ERR032233,Mus musculus,DBAxC57BL/6J,Female,hippocampus,P56,Tcf4,TCF4-Q,0
"Keane, T., Goodstadt, L., Danecek, P. et al. (2011)",E-MTAB-599,ERR032233,Mus musculus,DBAxC57BL/6J,Female,hippocampus,P56,Tcf4,5-6,15.3333680250785
"Keane, T., Goodstadt, L., Danecek, P. et al. (2011)",E-MTAB-599,ERR032233,Mus musculus,DBAxC57BL/6J,Female,hippocampus,P56,Tcf4,6-7,16.9625383777431
"Keane, T., Goodstadt, L., Danecek, P. et al. (2011)",E-MTAB-599,ERR032233,Mus musculus,DBAxC57BL/6J,Female,hippocampus,P56,Tcf4,TCF4-D,7.0916827115988
"Keane, T., Goodstadt, L., Danecek, P. et al. (2011)",E-MTAB-599,ERR032233,Mus musculus,DBAxC57BL/6J,Female,hippocampus,P56,Tcf4,7-8,14.4708660736678
"Keane, T., Goodstadt, L., Danecek, P. et al. (2011)",E-MTAB-599,ERR032233,Mus musculus,DBAxC57BL/6J,Female,hippocampus,P56,Tcf4,DELTA,0
"Keane, T., Goodstadt, L., Danecek, P. et al. (2011)",E-MTAB-599,ERR032233,Mus musculus,DBAxC57BL/6J,Female,hippocampus,P56,Tcf4,8-9,13.5125305721004
"Keane, T., Goodstadt, L., Danecek, P. et al. (2011)",E-MTAB-599,ERR032233,Mus musculus,DBAxC57BL/6J,Female,hippocampus,P56,Tcf4,9-10,19.5500442319751
"Keane, T., Goodstadt, L., Danecek, P. et al. (2011)",E-MTAB-599,ERR032233,Mus musculus,DBAxC57BL/6J,Female,hippocampus,P56,Tcf4,TCF4-A,6.90001561128532
"Keane, T., Goodstadt, L., Danecek, P. et al. (2011)",E-MTAB-599,ERR032233,Mus musculus,DBAxC57BL/6J,Female,hippocampus,P56,Tcf4,TCF4-I,1.62917035266459
"Keane, T., Goodstadt, L., Danecek, P. et al. (2011)",E-MTAB-599,ERR032233,Mus musculus,DBAxC57BL/6J,Female,hippocampus,P56,Tcf4,TCF4-H,0
"Keane, T., Goodstadt, L., Danecek, P. et al. (2011)",E-MTAB-599,ERR032233,Mus musculus,DBAxC57BL/6J,Female,hippocampus,P56,Tcf4,TOTAL TCF4,27.2358949545457
"Keane, T., Goodstadt, L., Danecek, P. et al. (2011)",E-MTAB-599,ERR032233,Mus musculus,DBAxC57BL/6J,Female,hippocampus,P56,Tcf4,20-21,31.8167386520379
"Keane, T., Goodstadt, L., Danecek, P. et al. (2011)",E-MTAB-599,ERR032234,Mus musculus,DBAxC57BL/6J,Female,hippocampus,P56,Tcf4,TCF4-B,2.75583852460163
"Keane, T., Goodstadt, L., Danecek, P. et al. (2011)",E-MTAB-599,ERR032234,Mus musculus,DBAxC57BL/6J,Female,hippocampus,P56,Tcf4,TCF4-C,1.93929377657151
"Keane, T., Goodstadt, L., Danecek, P. et al. (2011)",E-MTAB-599,ERR032234,Mus musculus,DBAxC57BL/6J,Female,hippocampus,P56,Tcf4,4-5,8.87992413482746
"Keane, T., Goodstadt, L., Danecek, P. et al. (2011)",E-MTAB-599,ERR032234,Mus musculus,DBAxC57BL/6J,Female,hippocampus,P56,Tcf4,TCF4-Q,0
"Keane, T., Goodstadt, L., Danecek, P. et al. (2011)",E-MTAB-599,ERR032234,Mus musculus,DBAxC57BL/6J,Female,hippocampus,P56,Tcf4,5-6,10.6150817243914
"Keane, T., Goodstadt, L., Danecek, P. et al. (2011)",E-MTAB-599,ERR032234,Mus musculus,DBAxC57BL/6J,Female,hippocampus,P56,Tcf4,6-7,12.7585116879705
"Keane, T., Goodstadt, L., Danecek, P. et al. (2011)",E-MTAB-599,ERR032234,Mus musculus,DBAxC57BL/6J,Female,hippocampus,P56,Tcf4,TCF4-D,6.2261537037296
"Keane, T., Goodstadt, L., Danecek, P. et al. (2011)",E-MTAB-599,ERR032234,Mus musculus,DBAxC57BL/6J,Female,hippocampus,P56,Tcf4,7-8,11.3295583789178
"Keane, T., Goodstadt, L., Danecek, P. et al. (2011)",E-MTAB-599,ERR032234,Mus musculus,DBAxC57BL/6J,Female,hippocampus,P56,Tcf4,DELTA,0.102068093503764
"Keane, T., Goodstadt, L., Danecek, P. et al. (2011)",E-MTAB-599,ERR032234,Mus musculus,DBAxC57BL/6J,Female,hippocampus,P56,Tcf4,8-9,17.7598482696549
"Keane, T., Goodstadt, L., Danecek, P. et al. (2011)",E-MTAB-599,ERR032234,Mus musculus,DBAxC57BL/6J,Female,hippocampus,P56,Tcf4,9-10,23.8839338798808
"Keane, T., Goodstadt, L., Danecek, P. et al. (2011)",E-MTAB-599,ERR032234,Mus musculus,DBAxC57BL/6J,Female,hippocampus,P56,Tcf4,TCF4-A,5.51167704920325
"Keane, T., Goodstadt, L., Danecek, P. et al. (2011)",E-MTAB-599,ERR032234,Mus musculus,DBAxC57BL/6J,Female,hippocampus,P56,Tcf4,TCF4-I,0
"Keane, T., Goodstadt, L., Danecek, P. et al. (2011)",E-MTAB-599,ERR032234,Mus musculus,DBAxC57BL/6J,Female,hippocampus,P56,Tcf4,TCF4-H,0
"Keane, T., Goodstadt, L., Danecek, P. et al. (2011)",E-MTAB-599,ERR032234,Mus musculus,DBAxC57BL/6J,Female,hippocampus,P56,Tcf4,TOTAL TCF4,34.0907432302572
"Keane, T., Goodstadt, L., Danecek, P. et al. (2011)",E-MTAB-599,ERR032234,Mus musculus,DBAxC57BL/6J,Female,hippocampus,P56,Tcf4,20-21,25.6190914694447
"Keane, T., Goodstadt, L., Danecek, P. et al. (2011)",E-MTAB-599,ERR032235,Mus musculus,DBAxC57BL/6J,Female,hippocampus,P56,Tcf4,TCF4-B,4.93523767704498
"Keane, T., Goodstadt, L., Danecek, P. et al. (2011)",E-MTAB-599,ERR032235,Mus musculus,DBAxC57BL/6J,Female,hippocampus,P56,Tcf4,TCF4-C,3.06785044789283
"Keane, T., Goodstadt, L., Danecek, P. et al. (2011)",E-MTAB-599,ERR032235,Mus musculus,DBAxC57BL/6J,Female,hippocampus,P56,Tcf4,4-5,9.60370574992537
"Keane, T., Goodstadt, L., Danecek, P. et al. (2011)",E-MTAB-599,ERR032235,Mus musculus,DBAxC57BL/6J,Female,hippocampus,P56,Tcf4,TCF4-Q,0
"Keane, T., Goodstadt, L., Danecek, P. et al. (2011)",E-MTAB-599,ERR032235,Mus musculus,DBAxC57BL/6J,Female,hippocampus,P56,Tcf4,5-6,13.0717106040651
"Keane, T., Goodstadt, L., Danecek, P. et al. (2011)",E-MTAB-599,ERR032235,Mus musculus,DBAxC57BL/6J,Female,hippocampus,P56,Tcf4,6-7,14.0054042186412
"Keane, T., Goodstadt, L., Danecek, P. et al. (2011)",E-MTAB-599,ERR032235,Mus musculus,DBAxC57BL/6J,Female,hippocampus,P56,Tcf4,TCF4-D,11.0709385728306
"Keane, T., Goodstadt, L., Danecek, P. et al. (2011)",E-MTAB-599,ERR032235,Mus musculus,DBAxC57BL/6J,Female,hippocampus,P56,Tcf4,7-8,12.4047865936536
"Keane, T., Goodstadt, L., Danecek, P. et al. (2011)",E-MTAB-599,ERR032235,Mus musculus,DBAxC57BL/6J,Female,hippocampus,P56,Tcf4,DELTA,0
"Keane, T., Goodstadt, L., Danecek, P. et al. (2011)",E-MTAB-599,ERR032235,Mus musculus,DBAxC57BL/6J,Female,hippocampus,P56,Tcf4,8-9,14.8057130311349
"Keane, T., Goodstadt, L., Danecek, P. et al. (2011)",E-MTAB-599,ERR032235,Mus musculus,DBAxC57BL/6J,Female,hippocampus,P56,Tcf4,9-10,23.6091099685665
"Keane, T., Goodstadt, L., Danecek, P. et al. (2011)",E-MTAB-599,ERR032235,Mus musculus,DBAxC57BL/6J,Female,hippocampus,P56,Tcf4,TCF4-A,5.20200728120958
"Keane, T., Goodstadt, L., Danecek, P. et al. (2011)",E-MTAB-599,ERR032235,Mus musculus,DBAxC57BL/6J,Female,hippocampus,P56,Tcf4,TCF4-I,2.13415683331675
"Keane, T., Goodstadt, L., Danecek, P. et al. (2011)",E-MTAB-599,ERR032235,Mus musculus,DBAxC57BL/6J,Female,hippocampus,P56,Tcf4,TCF4-H,0.266769604164594
"Keane, T., Goodstadt, L., Danecek, P. et al. (2011)",E-MTAB-599,ERR032235,Mus musculus,DBAxC57BL/6J,Female,hippocampus,P56,Tcf4,TOTAL TCF4,30.5851351174707
"Keane, T., Goodstadt, L., Danecek, P. et al. (2011)",E-MTAB-599,ERR032235,Mus musculus,DBAxC57BL/6J,Female,hippocampus,P56,Tcf4,20-21,33.3462005205742
"Keane, T., Goodstadt, L., Danecek, P. et al. (2011)",E-MTAB-599,ERR032236,Mus musculus,DBAxC57BL/6J,Female,hippocampus,P56,Tcf4,TCF4-B,5.10039949812069
"Keane, T., Goodstadt, L., Danecek, P. et al. (2011)",E-MTAB-599,ERR032236,Mus musculus,DBAxC57BL/6J,Female,hippocampus,P56,Tcf4,TCF4-C,2.48799975518082
"Keane, T., Goodstadt, L., Danecek, P. et al. (2011)",E-MTAB-599,ERR032236,Mus musculus,DBAxC57BL/6J,Female,hippocampus,P56,Tcf4,4-5,10.5739989595185
"Keane, T., Goodstadt, L., Danecek, P. et al. (2011)",E-MTAB-599,ERR032236,Mus musculus,DBAxC57BL/6J,Female,hippocampus,P56,Tcf4,TCF4-Q,0
"Keane, T., Goodstadt, L., Danecek, P. et al. (2011)",E-MTAB-599,ERR032236,Mus musculus,DBAxC57BL/6J,Female,hippocampus,P56,Tcf4,5-6,8.95679911865097
"Keane, T., Goodstadt, L., Danecek, P. et al. (2011)",E-MTAB-599,ERR032236,Mus musculus,DBAxC57BL/6J,Female,hippocampus,P56,Tcf4,6-7,11.0715989105547
"Keane, T., Goodstadt, L., Danecek, P. et al. (2011)",E-MTAB-599,ERR032236,Mus musculus,DBAxC57BL/6J,Female,hippocampus,P56,Tcf4,TCF4-D,5.97119941243398
"Keane, T., Goodstadt, L., Danecek, P. et al. (2011)",E-MTAB-599,ERR032236,Mus musculus,DBAxC57BL/6J,Female,hippocampus,P56,Tcf4,7-8,12.9375987269403
"Keane, T., Goodstadt, L., Danecek, P. et al. (2011)",E-MTAB-599,ERR032236,Mus musculus,DBAxC57BL/6J,Female,hippocampus,P56,Tcf4,DELTA,0
"Keane, T., Goodstadt, L., Danecek, P. et al. (2011)",E-MTAB-599,ERR032236,Mus musculus,DBAxC57BL/6J,Female,hippocampus,P56,Tcf4,8-9,12.6887987514222
"Keane, T., Goodstadt, L., Danecek, P. et al. (2011)",E-MTAB-599,ERR032236,Mus musculus,DBAxC57BL/6J,Female,hippocampus,P56,Tcf4,9-10,24.3823976007721
"Keane, T., Goodstadt, L., Danecek, P. et al. (2011)",E-MTAB-599,ERR032236,Mus musculus,DBAxC57BL/6J,Female,hippocampus,P56,Tcf4,TCF4-A,9.82759903296425
"Keane, T., Goodstadt, L., Danecek, P. et al. (2011)",E-MTAB-599,ERR032236,Mus musculus,DBAxC57BL/6J,Female,hippocampus,P56,Tcf4,TCF4-I,1.24399987759041
"Keane, T., Goodstadt, L., Danecek, P. et al. (2011)",E-MTAB-599,ERR032236,Mus musculus,DBAxC57BL/6J,Female,hippocampus,P56,Tcf4,TCF4-H,0.497599951036165
"Keane, T., Goodstadt, L., Danecek, P. et al. (2011)",E-MTAB-599,ERR032236,Mus musculus,DBAxC57BL/6J,Female,hippocampus,P56,Tcf4,TOTAL TCF4,29.0473971417361
"Keane, T., Goodstadt, L., Danecek, P. et al. (2011)",E-MTAB-599,ERR032236,Mus musculus,DBAxC57BL/6J,Female,hippocampus,P56,Tcf4,20-21,33.214796731664
"Keane, T., Goodstadt, L., Danecek, P. et al. (2011)",E-MTAB-599,ERR032237,Mus musculus,DBAxC57BL/6J,Female,hippocampus,P56,Tcf4,TCF4-B,5.98849383185135
"Keane, T., Goodstadt, L., Danecek, P. et al. (2011)",E-MTAB-599,ERR032237,Mus musculus,DBAxC57BL/6J,Female,hippocampus,P56,Tcf4,TCF4-C,2.37474755401002
"Keane, T., Goodstadt, L., Danecek, P. et al. (2011)",E-MTAB-599,ERR032237,Mus musculus,DBAxC57BL/6J,Female,hippocampus,P56,Tcf4,4-5,11.0477386208292
"Keane, T., Goodstadt, L., Danecek, P. et al. (2011)",E-MTAB-599,ERR032237,Mus musculus,DBAxC57BL/6J,Female,hippocampus,P56,Tcf4,TCF4-Q,0
"Keane, T., Goodstadt, L., Danecek, P. et al. (2011)",E-MTAB-599,ERR032237,Mus musculus,DBAxC57BL/6J,Female,hippocampus,P56,Tcf4,5-6,11.7704878763975
"Keane, T., Goodstadt, L., Danecek, P. et al. (2011)",E-MTAB-599,ERR032237,Mus musculus,DBAxC57BL/6J,Female,hippocampus,P56,Tcf4,6-7,13.0094866002288
"Keane, T., Goodstadt, L., Danecek, P. et al. (2011)",E-MTAB-599,ERR032237,Mus musculus,DBAxC57BL/6J,Female,hippocampus,P56,Tcf4,TCF4-D,9.60224010969269
"Keane, T., Goodstadt, L., Danecek, P. et al. (2011)",E-MTAB-599,ERR032237,Mus musculus,DBAxC57BL/6J,Female,hippocampus,P56,Tcf4,7-8,15.9004836225019
"Keane, T., Goodstadt, L., Danecek, P. et al. (2011)",E-MTAB-599,ERR032237,Mus musculus,DBAxC57BL/6J,Female,hippocampus,P56,Tcf4,DELTA,0
"Keane, T., Goodstadt, L., Danecek, P. et al. (2011)",E-MTAB-599,ERR032237,Mus musculus,DBAxC57BL/6J,Female,hippocampus,P56,Tcf4,8-9,13.9387356431023
"Keane, T., Goodstadt, L., Danecek, P. et al. (2011)",E-MTAB-599,ERR032237,Mus musculus,DBAxC57BL/6J,Female,hippocampus,P56,Tcf4,9-10,21.5792277733954
"Keane, T., Goodstadt, L., Danecek, P. et al. (2011)",E-MTAB-599,ERR032237,Mus musculus,DBAxC57BL/6J,Female,hippocampus,P56,Tcf4,TCF4-A,7.12424266203006
"Keane, T., Goodstadt, L., Danecek, P. et al. (2011)",E-MTAB-599,ERR032237,Mus musculus,DBAxC57BL/6J,Female,hippocampus,P56,Tcf4,TCF4-I,1.75524819209436
"Keane, T., Goodstadt, L., Danecek, P. et al. (2011)",E-MTAB-599,ERR032237,Mus musculus,DBAxC57BL/6J,Female,hippocampus,P56,Tcf4,TCF4-H,0
"Keane, T., Goodstadt, L., Danecek, P. et al. (2011)",E-MTAB-599,ERR032237,Mus musculus,DBAxC57BL/6J,Female,hippocampus,P56,Tcf4,TOTAL TCF4,24.8625743915484
"Keane, T., Goodstadt, L., Danecek, P. et al. (2011)",E-MTAB-599,ERR032237,Mus musculus,DBAxC57BL/6J,Female,hippocampus,P56,Tcf4,20-21,30.665218414825
"Keane, T., Goodstadt, L., Danecek, P. et al. (2011)",E-MTAB-599,ERR032238,Mus musculus,DBAxC57BL/6J,Female,heart,P56,Tcf4,TCF4-B,1.05479322653982
"Keane, T., Goodstadt, L., Danecek, P. et al. (2011)",E-MTAB-599,ERR032238,Mus musculus,DBAxC57BL/6J,Female,heart,P56,Tcf4,TCF4-C,0.468796989573252
"Keane, T., Goodstadt, L., Danecek, P. et al. (2011)",E-MTAB-599,ERR032238,Mus musculus,DBAxC57BL/6J,Female,heart,P56,Tcf4,4-5,1.52359021611307
"Keane, T., Goodstadt, L., Danecek, P. et al. (2011)",E-MTAB-599,ERR032238,Mus musculus,DBAxC57BL/6J,Female,heart,P56,Tcf4,TCF4-Q,0
"Keane, T., Goodstadt, L., Danecek, P. et al. (2011)",E-MTAB-599,ERR032238,Mus musculus,DBAxC57BL/6J,Female,heart,P56,Tcf4,5-6,2.92998118483282
"Keane, T., Goodstadt, L., Danecek, P. et al. (2011)",E-MTAB-599,ERR032238,Mus musculus,DBAxC57BL/6J,Female,heart,P56,Tcf4,6-7,2.57838344265288
"Keane, T., Goodstadt, L., Danecek, P. et al. (2011)",E-MTAB-599,ERR032238,Mus musculus,DBAxC57BL/6J,Female,heart,P56,Tcf4,TCF4-D,0.703195484359878
"Keane, T., Goodstadt, L., Danecek, P. et al. (2011)",E-MTAB-599,ERR032238,Mus musculus,DBAxC57BL/6J,Female,heart,P56,Tcf4,7-8,1.52359021611307
"Keane, T., Goodstadt, L., Danecek, P. et al. (2011)",E-MTAB-599,ERR032238,Mus musculus,DBAxC57BL/6J,Female,heart,P56,Tcf4,DELTA,0
"Keane, T., Goodstadt, L., Danecek, P. et al. (2011)",E-MTAB-599,ERR032238,Mus musculus,DBAxC57BL/6J,Female,heart,P56,Tcf4,8-9,3.75037591658601
"Keane, T., Goodstadt, L., Danecek, P. et al. (2011)",E-MTAB-599,ERR032238,Mus musculus,DBAxC57BL/6J,Female,heart,P56,Tcf4,9-10,2.57838344265288
"Keane, T., Goodstadt, L., Danecek, P. et al. (2011)",E-MTAB-599,ERR032238,Mus musculus,DBAxC57BL/6J,Female,heart,P56,Tcf4,TCF4-A,5.62556387487902
"Keane, T., Goodstadt, L., Danecek, P. et al. (2011)",E-MTAB-599,ERR032238,Mus musculus,DBAxC57BL/6J,Female,heart,P56,Tcf4,TCF4-I,0.351597742179939
"Keane, T., Goodstadt, L., Danecek, P. et al. (2011)",E-MTAB-599,ERR032238,Mus musculus,DBAxC57BL/6J,Female,heart,P56,Tcf4,TCF4-H,0
"Keane, T., Goodstadt, L., Danecek, P. et al. (2011)",E-MTAB-599,ERR032238,Mus musculus,DBAxC57BL/6J,Female,heart,P56,Tcf4,TOTAL TCF4,7.13743416625276
"Keane, T., Goodstadt, L., Danecek, P. et al. (2011)",E-MTAB-599,ERR032238,Mus musculus,DBAxC57BL/6J,Female,heart,P56,Tcf4,20-21,4.80516914312583
